Date,ssn,swpc_ssn,flux
1749-01,96.7,,
1749-02,104.3,,
1749-03,116.7,,
1749-04,92.8,,
1749-05,141.7,,
1749-06,139.2,,
1749-07,158.0,,
1749-08,110.5,,
1749-09,126.5,,
1749-10,125.8,,
1749-11,264.3,,
1749-12,142.0,,
1750-01,122.2,,
1750-02,126.5,,
1750-03,148.7,,
1750-04,147.2,,
1750-05,150.0,,
1750-06,166.7,,
1750-07,142.3,,
1750-08,171.7,,
1750-09,152.0,,
1750-10,109.5,,
1750-11,105.5,,
1750-12,125.7,,
1751-01,116.7,,
1751-02,72.5,,
1751-03,75.5,,
1751-04,94.0,,
1751-05,101.2,,
1751-06,84.5,,
1751-07,110.5,,
1751-08,99.7,,
1751-09,39.2,,
1751-10,38.7,,
1751-11,47.5,,
1751-12,73.3,,
1752-01,58.3,,
1752-02,83.3,,
1752-03,118.3,,
1752-04,98.8,,
1752-05,99.5,,
1752-06,66.0,,
1752-07,130.7,,
1752-08,48.8,,
1752-09,45.2,,
1752-10,77.7,,
1752-11,62.7,,
1752-12,66.7,,
1753-01,73.3,,
1753-02,53.3,,
1753-03,76.2,,
1753-04,63.3,,
1753-05,60.0,,
1753-06,52.8,,
1753-07,36.7,,
1753-08,65.0,,
1753-09,46.7,,
1753-10,41.7,,
1753-11,33.3,,
1753-12,11.2,,
1754-01,0.0,,
1754-02,5.0,,
1754-03,2.8,,
1754-04,22.8,,
1754-05,34.5,,
1754-06,44.5,,
1754-07,31.3,,
1754-08,20.5,,
1754-09,13.7,,
1754-10,40.2,,
1754-11,22.0,,
1754-12,7.0,,
1755-01,17.0,,
1755-02,18.7,,
1755-03,11.3,,
1755-04,10.8,,
1755-05,0.0,,
1755-06,0.0,,
1755-07,14.3,,
1755-08,5.3,,
1755-09,29.7,,
1755-10,39.5,,
1755-11,11.3,,
1755-12,33.3,,
1756-01,20.8,,
1756-02,11.8,,
1756-03,9.0,,
1756-04,15.7,,
1756-05,20.8,,
1756-06,21.5,,
1756-07,6.0,,
1756-08,10.7,,
1756-09,19.7,,
1756-10,23.8,,
1756-11,28.3,,
1756-12,15.7,,
1757-01,23.5,,
1757-02,35.3,,
1757-03,43.7,,
1757-04,50.0,,
1757-05,63.5,,
1757-06,21.3,,
1757-07,41.7,,
1757-08,85.5,,
1757-09,66.2,,
1757-10,54.2,,
1757-11,107.8,,
1757-12,55.8,,
1758-01,62.7,,
1758-02,86.7,,
1758-03,81.7,,
1758-04,120.5,,
1758-05,77.3,,
1758-06,75.0,,
1758-07,73.3,,
1758-08,64.5,,
1758-09,104.2,,
1758-10,62.8,,
1758-11,71.7,,
1758-12,71.7,,
1759-01,80.5,,
1759-02,73.3,,
1759-03,78.0,,
1759-04,78.3,,
1759-05,81.7,,
1759-06,83.3,,
1759-07,85.0,,
1759-08,118.8,,
1759-09,128.7,,
1759-10,99.5,,
1759-11,77.2,,
1759-12,95.0,,
1760-01,112.2,,
1760-02,99.2,,
1760-03,124.5,,
1760-04,97.2,,
1760-05,120.0,,
1760-06,80.5,,
1760-07,110.0,,
1760-08,126.0,,
1760-09,102.2,,
1760-10,84.3,,
1760-11,99.5,,
1760-12,101.7,,
1761-01,116.7,,
1761-02,151.7,,
1761-03,134.5,,
1761-04,119.5,,
1761-05,178.7,,
1761-06,165.5,,
1761-07,156.8,,
1761-08,151.8,,
1761-09,167.8,,
1761-10,147.8,,
1761-11,149.5,,
1761-12,76.7,,
1762-01,73.0,,
1762-02,121.3,,
1762-03,76.2,,
1762-04,100.3,,
1762-05,66.5,,
1762-06,128.5,,
1762-07,56.3,,
1762-08,112.8,,
1762-09,114.2,,
1762-10,115.5,,
1762-11,129.7,,
1762-12,128.7,,
1763-01,94.2,,
1763-02,53.2,,
1763-03,57.0,,
1763-04,54.8,,
1763-05,54.5,,
1763-06,59.7,,
1763-07,90.3,,
1763-08,44.2,,
1763-09,113.5,,
1763-10,77.2,,
1763-11,101.5,,
1763-12,102.3,,
1764-01,99.5,,
1764-02,99.5,,
1764-03,67.0,,
1764-04,57.3,,
1764-05,73.8,,
1764-06,50.0,,
1764-07,50.0,,
1764-08,50.0,,
1764-09,47.0,,
1764-10,46.7,,
1764-11,43.3,,
1764-12,42.8,,
1765-01,40.0,,
1765-02,43.3,,
1765-03,41.7,,
1765-04,36.7,,
1765-05,33.7,,
1765-06,33.3,,
1765-07,45.0,,
1765-08,49.5,,
1765-09,26.7,,
1765-10,23.3,,
1765-11,23.3,,
1765-12,21.7,,
1766-01,20.0,,
1766-02,18.3,,
1766-03,61.0,,
1766-04,10.0,,
1766-05,44.7,,
1766-06,5.0,,
1766-07,5.5,,
1766-08,6.7,,
1766-09,7.2,,
1766-10,8.3,,
1766-11,9.5,,
1766-12,32.0,,
1767-01,45.7,,
1767-02,50.0,,
1767-03,71.7,,
1767-04,54.8,,
1767-05,49.7,,
1767-06,55.5,,
1767-07,36.5,,
1767-08,68.0,,
1767-09,71.2,,
1767-10,73.5,,
1767-11,91.2,,
1767-12,88.8,,
1768-01,89.2,,
1768-02,110.2,,
1768-03,77.2,,
1768-04,71.2,,
1768-05,129.5,,
1768-06,129.0,,
1768-07,87.7,,
1768-08,111.3,,
1768-09,124.7,,
1768-10,129.7,,
1768-11,151.0,,
1768-12,186.3,,
1769-01,123.2,,
1769-02,107.0,,
1769-03,107.2,,
1769-04,161.2,,
1769-05,122.7,,
1769-06,157.3,,
1769-07,197.7,,
1769-08,200.5,,
1769-09,248.0,,
1769-10,263.7,,
1769-11,246.8,,
1769-12,186.7,,
1770-01,173.3,,
1770-02,237.5,,
1770-03,133.5,,
1770-04,85.0,,
1770-05,116.8,,
1770-06,138.8,,
1770-07,183.0,,
1770-08,210.5,,
1770-09,174.0,,
1770-10,172.7,,
1770-11,220.3,,
1770-12,170.5,,
1771-01,60.0,,
1771-02,77.0,,
1771-03,77.8,,
1771-04,108.2,,
1771-05,254.5,,
1771-06,199.2,,
1771-07,112.8,,
1771-08,97.5,,
1771-09,169.0,,
1771-10,150.0,,
1771-11,166.2,,
1771-12,159.5,,
1772-01,168.2,,
1772-02,151.3,,
1772-03,51.8,,
1772-04,153.7,,
1772-05,63.3,,
1772-06,95.0,,
1772-07,128.8,,
1772-08,93.7,,
1772-09,84.2,,
1772-10,131.0,,
1772-11,102.2,,
1772-12,106.7,,
1773-01,91.0,,
1773-02,48.3,,
1773-03,85.3,,
1773-04,54.8,,
1773-05,68.5,,
1773-06,47.3,,
1773-07,46.2,,
1773-08,21.2,,
1773-09,48.8,,
1773-10,43.8,,
1773-11,68.2,,
1773-12,72.0,,
1774-01,78.0,,
1774-02,109.0,,
1774-03,92.8,,
1774-04,73.0,,
1774-05,85.5,,
1774-06,47.5,,
1774-07,29.2,,
1774-08,11.0,,
1774-09,13.2,,
1774-10,23.3,,
1774-11,29.5,,
1774-12,20.3,,
1775-01,7.3,,
1775-02,0.0,,
1775-03,19.3,,
1775-04,18.7,,
1775-05,6.5,,
1775-06,20.5,,
1775-07,1.7000000000000002,,
1775-08,13.2,,
1775-09,5.3,,
1775-10,9.3,,
1775-11,25.2,,
1775-12,13.2,,
1776-01,36.2,,
1776-02,19.3,,
1776-03,10.5,,
1776-04,36.3,,
1776-05,18.7,,
1776-06,31.7,,
1776-07,1.7000000000000002,,
1776-08,40.3,,
1776-09,26.7,,
1776-10,50.0,,
1776-11,58.3,,
1776-12,66.7,,
1777-01,75.0,,
1777-02,60.8,,
1777-03,65.0,,
1777-04,159.2,,
1777-05,133.8,,
1777-06,134.5,,
1777-07,158.3,,
1777-08,186.7,,
1777-09,193.7,,
1777-10,177.5,,
1777-11,243.3,,
1777-12,262.2,,
1778-01,295.5,,
1778-02,182.2,,
1778-03,223.3,,
1778-04,241.7,,
1778-05,398.2,,
1778-06,286.0,,
1778-07,255.0,,
1778-08,233.3,,
1778-09,286.2,,
1778-10,260.5,,
1778-11,250.5,,
1778-12,175.0,,
1779-01,191.2,,
1779-02,276.2,,
1779-03,196.7,,
1779-04,241.7,,
1779-05,233.3,,
1779-06,189.5,,
1779-07,238.3,,
1779-08,186.7,,
1779-09,185.0,,
1779-10,206.7,,
1779-11,190.0,,
1779-12,183.3,,
1780-01,116.7,,
1780-02,163.3,,
1780-03,163.3,,
1780-04,158.3,,
1780-05,178.7,,
1780-06,146.7,,
1780-07,143.3,,
1780-08,143.3,,
1780-09,156.2,,
1780-10,128.3,,
1780-11,100.0,,
1780-12,97.8,,
1781-01,164.5,,
1781-02,124.5,,
1781-03,88.3,,
1781-04,113.8,,
1781-05,174.5,,
1781-06,162.8,,
1781-07,122.5,,
1781-08,110.0,,
1781-09,85.0,,
1781-10,45.5,,
1781-11,111.7,,
1781-12,58.7,,
1782-01,90.0,,
1782-02,62.5,,
1782-03,61.7,,
1782-04,68.3,,
1782-05,90.5,,
1782-06,63.3,,
1782-07,61.7,,
1782-08,73.3,,
1782-09,56.7,,
1782-10,38.7,,
1782-11,52.5,,
1782-12,50.0,,
1783-01,46.7,,
1783-02,64.5,,
1783-03,44.5,,
1783-04,47.2,,
1783-05,38.3,,
1783-06,42.0,,
1783-07,53.7,,
1783-08,33.3,,
1783-09,30.0,,
1783-10,13.3,,
1783-11,25.0,,
1783-12,17.5,,
1784-01,21.7,,
1784-02,13.3,,
1784-03,18.3,,
1784-04,16.7,,
1784-05,10.0,,
1784-06,15.0,,
1784-07,10.0,,
1784-08,16.7,,
1784-09,16.7,,
1784-10,13.3,,
1784-11,28.3,,
1784-12,23.3,,
1785-01,10.8,,
1785-02,13.3,,
1785-03,15.0,,
1785-04,26.2,,
1785-05,34.5,,
1785-06,43.8,,
1785-07,60.5,,
1785-08,33.3,,
1785-09,53.3,,
1785-10,78.7,,
1785-11,67.0,,
1785-12,45.5,,
1786-01,62.0,,
1786-02,79.3,,
1786-03,79.5,,
1786-04,142.3,,
1786-05,153.8,,
1786-06,98.3,,
1786-07,138.3,,
1786-08,149.5,,
1786-09,185.8,,
1786-10,187.2,,
1786-11,193.3,,
1786-12,187.8,,
1787-01,224.5,,
1787-02,176.7,,
1787-03,145.7,,
1787-04,212.0,,
1787-05,224.7,,
1787-06,165.3,,
1787-07,213.3,,
1787-08,228.7,,
1787-09,262.2,,
1787-10,261.7,,
1787-11,235.8,,
1787-12,290.0,,
1788-01,230.0,,
1788-02,215.3,,
1788-03,238.8,,
1788-04,180.8,,
1788-05,188.3,,
1788-06,257.0,,
1788-07,235.8,,
1788-08,226.7,,
1788-09,235.0,,
1788-10,236.7,,
1788-11,157.8,,
1788-12,215.8,,
1789-01,190.0,,
1789-02,208.8,,
1789-03,200.0,,
1789-04,205.5,,
1789-05,205.8,,
1789-06,200.0,,
1789-07,195.0,,
1789-08,171.7,,
1789-09,186.7,,
1789-10,149.5,,
1789-11,223.3,,
1789-12,225.8,,
1790-01,171.7,,
1790-02,212.5,,
1790-03,160.5,,
1790-04,156.7,,
1790-05,155.0,,
1790-06,151.7,,
1790-07,115.5,,
1790-08,145.0,,
1790-09,128.8,,
1790-10,140.5,,
1790-11,136.7,,
1790-12,123.3,,
1791-01,121.2,,
1791-02,103.3,,
1791-03,123.3,,
1791-04,128.7,,
1791-05,122.8,,
1791-06,107.0,,
1791-07,118.3,,
1791-08,71.7,,
1791-09,110.8,,
1791-10,102.8,,
1791-11,111.7,,
1791-12,110.0,,
1792-01,96.7,,
1792-02,106.7,,
1792-03,105.0,,
1792-04,126.2,,
1792-05,103.3,,
1792-06,101.7,,
1792-07,76.3,,
1792-08,100.0,,
1792-09,98.3,,
1792-10,98.3,,
1792-11,95.0,,
1792-12,93.3,,
1793-01,93.3,,
1793-02,91.7,,
1793-03,92.5,,
1793-04,88.3,,
1793-05,87.2,,
1793-06,85.0,,
1793-07,83.3,,
1793-08,48.8,,
1793-09,40.0,,
1793-10,78.3,,
1793-11,73.3,,
1793-12,76.2,,
1794-01,75.0,,
1794-02,73.3,,
1794-03,63.3,,
1794-04,47.3,,
1794-05,92.8,,
1794-06,69.2,,
1794-07,68.3,,
1794-08,66.7,,
1794-09,18.5,,
1794-10,47.5,,
1794-11,112.3,,
1794-12,85.7,,
1795-01,35.7,,
1795-02,66.5,,
1795-03,21.0,,
1795-04,31.0,,
1795-05,51.7,,
1795-06,28.5,,
1795-07,21.5,,
1795-08,42.8,,
1795-09,22.5,,
1795-10,32.5,,
1795-11,41.7,,
1795-12,30.0,,
1796-01,36.7,,
1796-02,39.7,,
1796-03,26.2,,
1796-04,52.8,,
1796-05,35.0,,
1796-06,11.2,,
1796-07,44.8,,
1796-08,2.5,,
1796-09,30.7,,
1796-10,18.3,,
1796-11,14.0,,
1796-12,8.5,,
1797-01,24.0,,
1797-02,7.0,,
1797-03,6.7,,
1797-04,6.7,,
1797-05,12.2,,
1797-06,18.5,,
1797-07,7.2,,
1797-08,10.0,,
1797-09,9.5,,
1797-10,11.5,,
1797-11,9.7,,
1797-12,5.0,,
1798-01,3.3,,
1798-02,6.7,,
1798-03,20.7,,
1798-04,1.8,,
1798-05,0.0,,
1798-06,0.0,,
1798-07,0.0,,
1798-08,5.0,,
1798-09,4.0,,
1798-10,2.5,,
1798-11,20.8,,
1798-12,16.5,,
1799-01,2.7,,
1799-02,21.0,,
1799-03,36.2,,
1799-04,14.0,,
1799-05,13.7,,
1799-06,17.7,,
1799-07,3.5,,
1799-08,0.0,,
1799-09,0.0,,
1799-10,7.7,,
1799-11,4.5,,
1799-12,14.3,,
1800-01,11.5,,
1800-02,15.5,,
1800-03,23.2,,
1800-04,0.0,,
1800-05,8.3,,
1800-06,39.5,,
1800-07,35.0,,
1800-08,32.5,,
1800-09,19.2,,
1800-10,20.5,,
1800-11,17.5,,
1800-12,66.8,,
1801-01,45.0,,
1801-02,48.3,,
1801-03,50.0,,
1801-04,51.7,,
1801-05,53.3,,
1801-06,52.0,,
1801-07,58.3,,
1801-08,64.5,,
1801-09,55.8,,
1801-10,54.3,,
1801-11,66.3,,
1801-12,80.3,,
1802-01,79.7,,
1802-02,78.3,,
1802-03,68.0,,
1802-04,70.0,,
1802-05,73.3,,
1802-06,76.7,,
1802-07,80.0,,
1802-08,83.3,,
1802-09,86.3,,
1802-10,64.2,,
1802-11,57.5,,
1802-12,83.3,,
1803-01,83.3,,
1803-02,84.7,,
1803-03,49.2,,
1803-04,41.7,,
1803-05,73.8,,
1803-06,60.0,,
1803-07,80.5,,
1803-08,56.8,,
1803-09,75.5,,
1803-10,90.5,,
1803-11,85.0,,
1803-12,80.0,,
1804-01,75.5,,
1804-02,80.5,,
1804-03,80.0,,
1804-04,84.3,,
1804-05,55.7,,
1804-06,58.0,,
1804-07,49.7,,
1804-08,71.8,,
1804-09,88.3,,
1804-10,103.8,,
1804-11,101.7,,
1804-12,100.0,,
1805-01,101.7,,
1805-02,73.5,,
1805-03,85.7,,
1805-04,62.5,,
1805-05,65.0,,
1805-06,67.5,,
1805-07,62.7,,
1805-08,71.2,,
1805-09,74.0,,
1805-10,49.0,,
1805-11,68.3,,
1805-12,63.8,,
1806-01,65.0,,
1806-02,49.3,,
1806-03,54.5,,
1806-04,46.2,,
1806-05,44.0,,
1806-06,42.7,,
1806-07,50.0,,
1806-08,43.8,,
1806-09,40.0,,
1806-10,45.0,,
1806-11,41.7,,
1806-12,40.0,,
1807-01,20.0,,
1807-02,20.3,,
1807-03,16.0,,
1807-04,39.7,,
1807-05,16.7,,
1807-06,20.0,,
1807-07,21.2,,
1807-08,20.0,,
1807-09,9.5,,
1807-10,13.3,,
1807-11,4.3,,
1807-12,0.0,,
1808-01,0.0,,
1808-02,7.5,,
1808-03,0.0,,
1808-04,20.5,,
1808-05,22.5,,
1808-06,22.5,,
1808-07,11.2,,
1808-08,13.3,,
1808-09,19.5,,
1808-10,7.8,,
1808-11,17.5,,
1808-12,20.5,,
1809-01,12.0,,
1809-02,15.3,,
1809-03,1.5,,
1809-04,4.2,,
1809-05,3.3,,
1809-06,12.8,,
1809-07,0.5,,
1809-08,0.30000000000000004,,
1809-09,0.7000000000000001,,
1809-10,0.0,,
1809-11,0.0,,
1809-12,0.0,,
1810-01,0.0,,
1810-02,0.0,,
1810-03,0.0,,
1810-04,0.0,,
1810-05,0.0,,
1810-06,0.0,,
1810-07,0.0,,
1810-08,0.0,,
1810-09,0.0,,
1810-10,0.0,,
1810-11,0.0,,
1810-12,0.0,,
1811-01,0.0,,
1811-02,0.0,,
1811-03,0.0,,
1811-04,0.0,,
1811-05,0.0,,
1811-06,0.0,,
1811-07,11.0,,
1811-08,0.0,,
1811-09,4.0,,
1811-10,10.2,,
1811-11,1.3,,
1811-12,1.8,,
1812-01,18.8,,
1812-02,3.2,,
1812-03,1.2,,
1812-04,0.0,,
1812-05,1.7000000000000002,,
1812-06,2.2,,
1812-07,0.8,,
1812-08,26.0,,
1812-09,8.7,,
1812-10,6.5,,
1812-11,13.2,,
1812-12,16.8,,
1813-01,0.0,,
1813-02,17.2,,
1813-03,3.2,,
1813-04,27.7,,
1813-05,9.2,,
1813-06,18.7,,
1813-07,30.5,,
1813-08,14.0,,
1813-09,25.5,,
1813-10,46.3,,
1813-11,27.8,,
1813-12,23.8,,
1814-01,37.0,,
1814-02,20.0,,
1814-03,9.5,,
1814-04,39.7,,
1814-05,9.7,,
1814-06,24.8,,
1814-07,30.8,,
1814-08,3.8,,
1814-09,13.5,,
1814-10,32.2,,
1814-11,24.2,,
1814-12,33.5,,
1815-01,32.0,,
1815-02,53.7,,
1815-03,43.7,,
1815-04,52.7,,
1815-05,16.3,,
1815-06,93.2,,
1815-07,59.2,,
1815-08,78.7,,
1815-09,52.5,,
1815-10,55.8,,
1815-11,62.0,,
1815-12,108.3,,
1816-01,43.8,,
1816-02,114.7,,
1816-03,122.8,,
1816-04,98.0,,
1816-05,73.8,,
1816-06,72.7,,
1816-07,64.7,,
1816-08,38.7,,
1816-09,79.7,,
1816-10,94.0,,
1816-11,63.5,,
1816-12,49.8,,
1817-01,60.7,,
1817-02,96.5,,
1817-03,160.3,,
1817-04,44.0,,
1817-05,35.3,,
1817-06,66.7,,
1817-07,83.3,,
1817-08,75.0,,
1817-09,61.2,,
1817-10,42.7,,
1817-11,48.2,,
1817-12,47.3,,
1818-01,58.1,,
1818-02,37.4,,
1818-03,42.4,,
1818-04,57.5,,
1818-05,88.5,,
1818-06,60.8,,
1818-07,46.8,,
1818-08,52.6,,
1818-09,43.4,,
1818-10,52.8,,
1818-11,18.3,,
1818-12,43.0,,
1819-01,54.7,,
1819-02,34.6,,
1819-03,6.3,,
1819-04,33.7,,
1819-05,32.6,,
1819-06,58.3,,
1819-07,52.5,,
1819-08,43.5,,
1819-09,24.8,,
1819-10,45.9,,
1819-11,41.8,,
1819-12,50.9,,
1820-01,32.0,,
1820-02,44.4,,
1820-03,7.5,,
1820-04,32.3,,
1820-05,48.9,,
1820-06,17.9,,
1820-07,34.1,,
1820-08,43.1,,
1820-09,8.6,,
1820-10,14.9,,
1820-11,13.2,,
1820-12,15.1,,
1821-01,36.0,,
1821-02,7.0,,
1821-03,9.5,,
1821-04,15.2,,
1821-05,2.8,,
1821-06,3.0,,
1821-07,4.3,,
1821-08,8.0,,
1821-09,7.3,,
1821-10,31.4,,
1821-11,7.3,,
1821-12,0.4,,
1822-01,0.0,,
1822-02,1.5,,
1822-03,26.9,,
1822-04,21.7,,
1822-05,2.4,,
1822-06,9.3,,
1822-07,13.2,,
1822-08,3.4,,
1822-09,0.0,,
1822-10,0.6000000000000001,,
1822-11,0.0,,
1822-12,0.0,,
1823-01,0.0,,
1823-02,0.0,,
1823-03,1.0,,
1823-04,0.0,,
1823-05,0.0,,
1823-06,0.0,,
1823-07,0.8,,
1823-08,0.0,,
1823-09,0.0,,
1823-10,0.0,,
1823-11,0.0,,
1823-12,34.0,,
1824-01,36.0,,
1824-02,18.0,,
1824-03,0.0,,
1824-04,32.3,,
1824-05,4.6,,
1824-06,0.0,,
1824-07,0.0,,
1824-08,2.3,,
1824-09,34.3,,
1824-10,42.0,,
1824-11,0.0,,
1824-12,1.4,,
1825-01,8.4,,
1825-02,25.9,,
1825-03,37.4,,
1825-04,6.2,,
1825-05,25.8,,
1825-06,25.6,,
1825-07,51.5,,
1825-08,42.8,,
1825-09,26.2,,
1825-10,26.0,,
1825-11,19.6,,
1825-12,36.7,,
1826-01,29.4,,
1826-02,30.2,,
1826-03,61.3,,
1826-04,40.0,,
1826-05,53.9,,
1826-06,61.7,,
1826-07,87.5,,
1826-08,66.0,,
1826-09,31.6,,
1826-10,84.4,,
1826-11,65.8,,
1826-12,113.6,,
1827-01,57.7,,
1827-02,79.0,,
1827-03,96.3,,
1827-04,76.7,,
1827-05,93.8,,
1827-06,94.4,,
1827-07,70.4,,
1827-08,89.4,,
1827-09,82.6,,
1827-10,93.5,,
1827-11,80.4,,
1827-12,76.8,,
1828-01,88.0,,
1828-02,107.3,,
1828-03,108.5,,
1828-04,101.9,,
1828-05,148.6,,
1828-06,163.4,,
1828-07,90.4,,
1828-08,127.3,,
1828-09,83.9,,
1828-10,91.1,,
1828-11,95.0,,
1828-12,78.1,,
1829-01,71.6,,
1829-02,82.3,,
1829-03,120.6,,
1829-04,158.4,,
1829-05,112.3,,
1829-06,123.2,,
1829-07,151.5,,
1829-08,129.3,,
1829-09,88.0,,
1829-10,95.3,,
1829-11,112.7,,
1829-12,94.1,,
1830-01,87.0,,
1830-02,120.1,,
1830-03,141.0,,
1830-04,177.3,,
1830-05,110.5,,
1830-06,108.4,,
1830-07,73.2,,
1830-08,84.6,,
1830-09,103.4,,
1830-10,140.6,,
1830-11,135.4,,
1830-12,136.8,,
1831-01,79.0,,
1831-02,83.6,,
1831-03,155.8,,
1831-04,90.9,,
1831-05,63.4,,
1831-06,55.6,,
1831-07,75.4,,
1831-08,91.6,,
1831-09,63.2,,
1831-10,77.1,,
1831-11,72.5,,
1831-12,48.3,,
1832-01,51.5,,
1832-02,92.6,,
1832-03,91.9,,
1832-04,44.8,,
1832-05,68.9,,
1832-06,44.5,,
1832-07,23.3,,
1832-08,14.8,,
1832-09,13.7,,
1832-10,35.2,,
1832-11,23.8,,
1832-12,45.8,,
1833-01,18.7,,
1833-02,24.9,,
1833-03,19.6,,
1833-04,4.6,,
1833-05,21.5,,
1833-06,1.7000000000000002,,
1833-07,11.6,,
1833-08,9.5,,
1833-09,19.3,,
1833-10,12.5,,
1833-11,9.8,,
1833-12,16.6,,
1834-01,8.2,,
1834-02,30.1,,
1834-03,6.5,,
1834-04,2.4,,
1834-05,14.8,,
1834-06,13.1,,
1834-07,14.4,,
1834-08,6.6,,
1834-09,19.2,,
1834-10,41.3,,
1834-11,50.9,,
1834-12,57.5,,
1835-01,12.4,,
1835-02,40.7,,
1835-03,32.7,,
1835-04,102.4,,
1835-05,72.6,,
1835-06,55.2,,
1835-07,99.6,,
1835-08,98.5,,
1835-09,168.0,,
1835-10,158.6,,
1835-11,166.7,,
1835-12,129.3,,
1836-01,147.6,,
1836-02,179.4,,
1836-03,163.7,,
1836-04,238.0,,
1836-05,185.7,,
1836-06,207.9,,
1836-07,194.6,,
1836-08,179.6,,
1836-09,158.5,,
1836-10,228.9,,
1836-11,201.5,,
1836-12,343.8,,
1837-01,313.4,,
1837-02,292.6,,
1837-03,224.3,,
1837-04,230.3,,
1837-05,186.1,,
1837-06,263.4,,
1837-07,271.2,,
1837-08,223.5,,
1837-09,160.4,,
1837-10,206.2,,
1837-11,178.4,,
1837-12,216.1,,
1838-01,241.5,,
1838-02,141.3,,
1838-03,234.5,,
1838-04,211.1,,
1838-05,229.4,,
1838-06,157.6,,
1838-07,180.4,,
1838-08,131.3,,
1838-09,122.7,,
1838-10,151.5,,
1838-11,129.2,,
1838-12,132.9,,
1839-01,175.9,,
1839-02,170.8,,
1839-03,129.5,,
1839-04,102.9,,
1839-05,89.6,,
1839-06,91.2,,
1839-07,141.3,,
1839-08,218.8,,
1839-09,221.1,,
1839-10,151.5,,
1839-11,114.7,,
1839-12,106.2,,
1840-01,135.4,,
1840-02,146.1,,
1840-03,112.9,,
1840-04,109.8,,
1840-05,115.4,,
1840-06,80.9,,
1840-07,101.0,,
1840-08,96.4,,
1840-09,123.3,,
1840-10,91.7,,
1840-11,90.4,,
1840-12,89.5,,
1841-01,40.1,,
1841-02,49.9,,
1841-03,49.6,,
1841-04,66.9,,
1841-05,112.4,,
1841-06,92.8,,
1841-07,51.4,,
1841-08,65.4,,
1841-09,60.9,,
1841-10,47.4,,
1841-11,32.9,,
1841-12,64.8,,
1842-01,34.0,,
1842-02,36.8,,
1842-03,36.2,,
1842-04,44.9,,
1842-05,41.4,,
1842-06,34.2,,
1842-07,21.0,,
1842-08,44.4,,
1842-09,30.6,,
1842-10,63.5,,
1842-11,67.5,,
1842-12,29.3,,
1843-01,22.2,,
1843-02,5.9,,
1843-03,13.9,,
1843-04,15.8,,
1843-05,35.1,,
1843-06,17.6,,
1843-07,15.9,,
1843-08,19.6,,
1843-09,6.9,,
1843-10,8.9,,
1843-11,31.7,,
1843-12,21.2,,
1844-01,15.7,,
1844-02,24.5,,
1844-03,22.5,,
1844-04,34.6,,
1844-05,19.2,,
1844-06,6.2,,
1844-07,35.2,,
1844-08,39.7,,
1844-09,11.6,,
1844-10,35.9,,
1844-11,17.9,,
1844-12,36.0,,
1845-01,42.8,,
1845-02,72.8,,
1845-03,72.1,,
1845-04,95.0,,
1845-05,79.7,,
1845-06,51.8,,
1845-07,51.0,,
1845-08,53.9,,
1845-09,49.3,,
1845-10,67.8,,
1845-11,65.7,,
1845-12,99.5,,
1846-01,64.6,,
1846-02,84.9,,
1846-03,106.5,,
1846-04,115.5,,
1846-05,99.9,,
1846-06,108.4,,
1846-07,77.5,,
1846-08,91.3,,
1846-09,178.6,,
1846-10,93.4,,
1846-11,100.6,,
1846-12,109.1,,
1847-01,104.4,,
1847-02,74.9,,
1847-03,143.0,,
1847-04,74.6,,
1847-05,125.7,,
1847-06,142.2,,
1847-07,87.1,,
1847-08,234.3,,
1847-09,268.2,,
1847-10,300.6,,
1847-11,231.5,,
1847-12,182.6,,
1848-01,265.2,,
1848-02,186.4,,
1848-03,181.2,,
1848-04,178.6,,
1848-05,170.5,,
1848-06,214.9,,
1848-07,232.0,,
1848-08,220.9,,
1848-09,167.3,,
1848-10,220.6,,
1848-11,191.0,,
1848-12,265.8,,
1849-01,298.3,,
1849-02,250.3,,
1849-03,182.7,,
1849-04,194.7,,
1849-05,153.2,,
1849-06,154.2,,
1849-07,148.2,,
1849-08,128.6,,
1849-09,178.0,,
1849-10,135.7,,
1849-11,188.2,,
1849-12,184.3,,
1850-01,148.2,,
1850-02,169.8,,
1850-03,156.8,,
1850-04,83.8,,
1850-05,117.0,,
1850-06,133.0,,
1850-07,74.3,,
1850-08,117.0,,
1850-09,163.7,,
1850-10,134.9,,
1850-11,104.1,,
1850-12,115.9,,
1851-01,143.5,,
1851-02,200.1,,
1851-03,122.8,,
1851-04,107.3,,
1851-05,118.9,,
1851-06,120.0,,
1851-07,68.6,,
1851-08,109.0,,
1851-09,128.9,,
1851-10,118.7,,
1851-11,96.8,,
1851-12,135.5,,
1852-01,129.9,,
1852-02,126.2,,
1852-03,116.2,,
1852-04,124.3,,
1852-05,104.3,,
1852-06,89.0,,
1852-07,80.0,,
1852-08,75.3,,
1852-09,71.2,,
1852-10,127.9,,
1852-11,103.1,,
1852-12,86.1,,
1853-01,77.9,,
1853-02,81.5,,
1853-03,71.6,,
1853-04,90.4,,
1853-05,65.9,,
1853-06,76.0,,
1853-07,87.2,,
1853-08,95.8,,
1853-09,63.7,,
1853-10,80.5,,
1853-11,54.7,,
1853-12,44.5,,
1854-01,29.3,,
1854-02,38.0,,
1854-03,39.4,,
1854-04,50.3,,
1854-05,45.6,,
1854-06,40.1,,
1854-07,35.5,,
1854-08,30.1,,
1854-09,42.6,,
1854-10,24.1,,
1854-11,53.5,,
1854-12,41.1,,
1855-01,23.4,,
1855-02,21.6,,
1855-03,33.0,,
1855-04,8.4,,
1855-05,17.3,,
1855-06,10.0,,
1855-07,0.7000000000000001,,
1855-08,5.9,,
1855-09,0.0,,
1855-10,18.3,,
1855-11,7.9,,
1855-12,5.8,,
1856-01,1.0,,
1856-02,9.3,,
1856-03,0.7000000000000001,,
1856-04,12.4,,
1856-05,0.0,,
1856-06,9.8,,
1856-07,8.8,,
1856-08,11.3,,
1856-09,8.4,,
1856-10,8.5,,
1856-11,14.7,,
1856-12,13.7,,
1857-01,26.0,,
1857-02,14.2,,
1857-03,10.0,,
1857-04,21.1,,
1857-05,54.2,,
1857-06,30.5,,
1857-07,42.2,,
1857-08,32.0,,
1857-09,80.6,,
1857-10,77.1,,
1857-11,59.6,,
1857-12,70.7,,
1858-01,74.2,,
1858-02,66.3,,
1858-03,109.2,,
1858-04,72.8,,
1858-05,78.6,,
1858-06,84.5,,
1858-07,107.7,,
1858-08,104.9,,
1858-09,152.2,,
1858-10,173.2,,
1858-11,98.6,,
1858-12,127.0,,
1859-01,159.0,,
1859-02,166.4,,
1859-03,171.5,,
1859-04,162.9,,
1859-05,172.8,,
1859-06,165.2,,
1859-07,180.7,,
1859-08,203.0,,
1859-09,200.9,,
1859-10,217.8,,
1859-11,184.6,,
1859-12,153.9,,
1860-01,156.6,,
1860-02,167.9,,
1860-03,188.0,,
1860-04,135.7,,
1860-05,203.5,,
1860-06,206.3,,
1860-07,221.9,,
1860-08,190.5,,
1860-09,175.2,,
1860-10,171.1,,
1860-11,186.0,,
1860-12,181.7,,
1861-01,118.5,,
1861-02,147.5,,
1861-03,192.0,,
1861-04,187.1,,
1861-05,107.8,,
1861-06,167.5,,
1861-07,148.2,,
1861-08,156.7,,
1861-09,151.9,,
1861-10,127.7,,
1861-11,102.0,,
1861-12,152.8,,
1862-01,119.9,,
1862-02,122.4,,
1862-03,82.7,,
1862-04,102.1,,
1862-05,122.4,,
1862-06,159.7,,
1862-07,139.5,,
1862-08,118.7,,
1862-09,126.4,,
1862-10,79.8,,
1862-11,96.0,,
1862-12,77.6,,
1863-01,91.8,,
1863-02,107.7,,
1863-03,126.0,,
1863-04,77.1,,
1863-05,102.1,,
1863-06,77.6,,
1863-07,62.0,,
1863-08,91.3,,
1863-09,41.7,,
1863-10,75.7,,
1863-11,71.6,,
1863-12,78.1,,
1864-01,109.7,,
1864-02,89.5,,
1864-03,125.9,,
1864-04,68.1,,
1864-05,77.1,,
1864-06,109.9,,
1864-07,103.8,,
1864-08,104.1,,
1864-09,54.2,,
1864-10,64.4,,
1864-11,109.3,,
1864-12,54.3,,
1865-01,92.5,,
1865-02,74.6,,
1865-03,75.0,,
1865-04,55.9,,
1865-05,65.6,,
1865-06,63.8,,
1865-07,50.8,,
1865-08,71.8,,
1865-09,41.0,,
1865-10,32.5,,
1865-11,46.7,,
1865-12,24.3,,
1866-01,60.0,,
1866-02,72.9,,
1866-03,46.6,,
1866-04,33.5,,
1866-05,24.6,,
1866-06,31.4,,
1866-07,17.6,,
1866-08,24.2,,
1866-09,13.9,,
1866-10,26.8,,
1866-11,17.2,,
1866-12,2.9,,
1867-01,0.0,,
1867-02,1.4,,
1867-03,17.4,,
1867-04,9.7,,
1867-05,5.5,,
1867-06,2.8,,
1867-07,9.5,,
1867-08,9.1,,
1867-09,18.7,,
1867-10,25.5,,
1867-11,18.1,,
1867-12,47.9,,
1868-01,25.9,,
1868-02,26.3,,
1868-03,44.0,,
1868-04,61.1,,
1868-05,44.5,,
1868-06,51.8,,
1868-07,48.3,,
1868-08,57.3,,
1868-09,78.7,,
1868-10,102.8,,
1868-11,98.7,,
1868-12,112.8,,
1869-01,101.6,,
1869-02,99.9,,
1869-03,88.0,,
1869-04,68.4,,
1869-05,173.4,,
1869-06,180.7,,
1869-07,98.8,,
1869-08,132.7,,
1869-09,134.5,,
1869-10,99.0,,
1869-11,130.2,,
1869-12,174.1,,
1870-01,129.0,,
1870-02,191.7,,
1870-03,262.7,,
1870-04,266.9,,
1870-05,293.6,,
1870-06,226.3,,
1870-07,220.9,,
1870-08,256.5,,
1870-09,226.8,,
1870-10,244.3,,
1870-11,246.0,,
1870-12,216.7,,
1871-01,147.2,,
1871-02,209.0,,
1871-03,238.7,,
1871-04,270.9,,
1871-05,242.6,,
1871-06,152.9,,
1871-07,171.8,,
1871-08,183.7,,
1871-09,133.9,,
1871-10,148.5,,
1871-11,175.7,,
1871-12,150.8,,
1872-01,132.7,,
1872-02,200.3,,
1872-03,147.5,,
1872-04,170.4,,
1872-05,179.5,,
1872-06,183.3,,
1872-07,176.0,,
1872-08,155.0,,
1872-09,191.1,,
1872-10,171.2,,
1872-11,186.8,,
1872-12,139.9,,
1873-01,144.6,,
1873-02,178.4,,
1873-03,164.0,,
1873-04,127.1,,
1873-05,80.0,,
1873-06,74.8,,
1873-07,111.7,,
1873-08,113.8,,
1873-09,78.7,,
1873-10,78.6,,
1873-11,92.5,,
1873-12,82.0,,
1874-01,101.4,,
1874-02,107.1,,
1874-03,77.5,,
1874-04,53.5,,
1874-05,74.6,,
1874-06,63.8,,
1874-07,113.2,,
1874-08,102.3,,
1874-09,46.8,,
1874-10,57.4,,
1874-11,48.2,,
1874-12,48.8,,
1875-01,24.4,,
1875-02,35.9,,
1875-03,56.4,,
1875-04,48.6,,
1875-05,19.2,,
1875-06,39.9,,
1875-07,20.9,,
1875-08,24.4,,
1875-09,4.0,,
1875-10,21.3,,
1875-11,29.6,,
1875-12,16.5,,
1876-01,23.9,,
1876-02,25.1,,
1876-03,51.1,,
1876-04,3.9,,
1876-05,8.5,,
1876-06,2.7,,
1876-07,25.5,,
1876-08,14.8,,
1876-09,16.6,,
1876-10,23.9,,
1876-11,16.6,,
1876-12,13.6,,
1877-01,40.6,,
1877-02,14.5,,
1877-03,19.9,,
1877-04,26.3,,
1877-05,36.1,,
1877-06,23.6,,
1877-07,10.0,,
1877-08,10.5,,
1877-09,28.1,,
1877-10,11.2,,
1877-11,23.6,,
1877-12,3.5,,
1878-01,5.5,,
1878-02,11.0,,
1878-03,13.1,,
1878-04,0.2,,
1878-05,9.9,,
1878-06,10.7,,
1878-07,0.2,,
1878-08,0.0,,
1878-09,8.8,,
1878-10,1.9,,
1878-11,6.8,,
1878-12,0.9,,
1879-01,1.6,,
1879-02,0.9,,
1879-03,0.0,,
1879-04,10.4,,
1879-05,4.0,,
1879-06,8.0,,
1879-07,12.6,,
1879-08,17.9,,
1879-09,10.1,,
1879-10,20.4,,
1879-11,21.9,,
1879-12,12.2,,
1880-01,40.1,,
1880-02,45.4,,
1880-03,32.1,,
1880-04,32.4,,
1880-05,39.1,,
1880-06,56.9,,
1880-07,36.5,,
1880-08,80.3,,
1880-09,110.1,,
1880-10,71.7,,
1880-11,51.1,,
1880-12,49.4,,
1881-01,60.6,,
1881-02,88.6,,
1881-03,85.8,,
1881-04,86.1,,
1881-05,72.5,,
1881-06,100.8,,
1881-07,128.2,,
1881-08,97.3,,
1881-09,88.6,,
1881-10,107.3,,
1881-11,91.5,,
1881-12,78.8,,
1882-01,75.0,,
1882-02,115.9,,
1882-03,111.5,,
1882-04,159.6,,
1882-05,106.9,,
1882-06,75.4,,
1882-07,75.7,,
1882-08,67.5,,
1882-09,96.1,,
1882-10,98.6,,
1882-11,140.6,,
1882-12,69.7,,
1883-01,101.0,,
1883-02,78.2,,
1883-03,71.3,,
1883-04,136.8,,
1883-05,52.5,,
1883-06,127.2,,
1883-07,134.4,,
1883-08,76.6,,
1883-09,87.8,,
1883-10,139.6,,
1883-11,140.8,,
1883-12,126.5,,
1884-01,152.6,,
1884-02,144.8,,
1884-03,145.8,,
1884-04,126.9,,
1884-05,110.9,,
1884-06,85.3,,
1884-07,88.5,,
1884-08,93.1,,
1884-09,103.1,,
1884-10,79.6,,
1884-11,60.9,,
1884-12,78.6,,
1885-01,71.4,,
1885-02,119.7,,
1885-03,82.9,,
1885-04,91.7,,
1885-05,121.6,,
1885-06,139.5,,
1885-07,110.9,,
1885-08,83.5,,
1885-09,66.0,,
1885-10,64.5,,
1885-11,51.6,,
1885-12,36.3,,
1886-01,49.8,,
1886-02,43.2,,
1886-03,95.5,,
1886-04,72.9,,
1886-05,51.2,,
1886-06,45.3,,
1886-07,50.4,,
1886-08,28.1,,
1886-09,35.7,,
1886-10,14.4,,
1886-11,0.6000000000000001,,
1886-12,21.7,,
1887-01,17.0,,
1887-02,22.0,,
1887-03,7.1,,
1887-04,11.6,,
1887-05,33.4,,
1887-06,26.1,,
1887-07,38.9,,
1887-08,35.7,,
1887-09,12.4,,
1887-10,11.0,,
1887-11,11.5,,
1887-12,34.5,,
1888-01,21.2,,
1888-02,11.8,,
1888-03,13.1,,
1888-04,8.5,,
1888-05,11.7,,
1888-06,11.8,,
1888-07,5.0,,
1888-08,4.6,,
1888-09,14.6,,
1888-10,3.4,,
1888-11,17.9,,
1888-12,11.1,,
1889-01,1.3,,
1889-02,14.2,,
1889-03,11.1,,
1889-04,7.3,,
1889-05,4.0,,
1889-06,10.8,,
1889-07,15.8,,
1889-08,34.3,,
1889-09,10.9,,
1889-10,3.4,,
1889-11,0.30000000000000004,,
1889-12,11.2,,
1890-01,8.8,,
1890-02,1.1,,
1890-03,8.5,,
1890-04,2.7,,
1890-05,7.9,,
1890-06,2.2,,
1890-07,19.3,,
1890-08,14.2,,
1890-09,28.6,,
1890-10,18.6,,
1890-11,15.9,,
1890-12,13.1,,
1891-01,22.5,,
1891-02,36.9,,
1891-03,17.2,,
1891-04,34.2,,
1891-05,68.5,,
1891-06,80.4,,
1891-07,98.0,,
1891-08,55.1,,
1891-09,89.7,,
1891-10,86.0,,
1891-11,69.8,,
1891-12,54.3,,
1892-01,115.2,,
1892-02,126.1,,
1892-03,83.3,,
1892-04,116.0,,
1892-05,132.7,,
1892-06,127.3,,
1892-07,127.6,,
1892-08,169.0,,
1892-09,104.7,,
1892-10,117.5,,
1892-11,108.9,,
1892-12,131.0,,
1893-01,125.0,,
1893-02,121.6,,
1893-03,109.5,,
1893-04,146.8,,
1893-05,141.3,,
1893-06,149.8,,
1893-07,147.6,,
1893-08,215.4,,
1893-09,129.9,,
1893-10,133.3,,
1893-11,125.2,,
1893-12,156.4,,
1894-01,138.6,,
1894-02,141.0,,
1894-03,87.1,,
1894-04,136.0,,
1894-05,168.7,,
1894-06,164.8,,
1894-07,176.7,,
1894-08,117.1,,
1894-09,110.0,,
1894-10,125.7,,
1894-11,94.3,,
1894-12,100.1,,
1895-01,105.4,,
1895-02,112.0,,
1895-03,101.6,,
1895-04,128.2,,
1895-05,112.5,,
1895-06,119.1,,
1895-07,79.7,,
1895-08,114.9,,
1895-09,96.1,,
1895-10,113.2,,
1895-11,78.6,,
1895-12,117.9,,
1896-01,48.4,,
1896-02,95.7,,
1896-03,86.5,,
1896-04,73.0,,
1896-05,46.1,,
1896-06,81.7,,
1896-07,75.2,,
1896-08,45.4,,
1896-09,102.2,,
1896-10,47.9,,
1896-11,63.3,,
1896-12,71.0,,
1897-01,67.6,,
1897-02,49.0,,
1897-03,48.7,,
1897-04,51.7,,
1897-05,33.3,,
1897-06,18.9,,
1897-07,46.1,,
1897-08,36.4,,
1897-09,80.4,,
1897-10,23.9,,
1897-11,14.0,,
1897-12,55.5,,
1898-01,50.4,,
1898-02,60.7,,
1898-03,63.9,,
1898-04,24.2,,
1898-05,43.0,,
1898-06,37.1,,
1898-07,15.0,,
1898-08,52.3,,
1898-09,58.1,,
1898-10,57.1,,
1898-11,51.6,,
1898-12,21.1,,
1899-01,32.4,,
1899-02,15.3,,
1899-03,30.3,,
1899-04,23.6,,
1899-05,12.9,,
1899-06,34.1,,
1899-07,22.5,,
1899-08,4.9,,
1899-09,14.0,,
1899-10,21.7,,
1899-11,13.0,,
1899-12,17.6,,
1900-01,15.7,,
1900-02,22.8,,
1900-03,14.4,,
1900-04,26.8,,
1900-05,25.3,,
1900-06,20.1,,
1900-07,13.9,,
1900-08,7.1,,
1900-09,13.9,,
1900-10,21.6,,
1900-11,7.5,,
1900-12,0.5,,
1901-01,0.4,,
1901-02,4.0,,
1901-03,7.4,,
1901-04,0.0,,
1901-05,17.0,,
1901-06,9.7,,
1901-07,1.2,,
1901-08,1.7000000000000002,,
1901-09,0.9,,
1901-10,6.3,,
1901-11,6.4,,
1901-12,0.0,,
1902-01,9.3,,
1902-02,0.0,,
1902-03,20.7,,
1902-04,0.0,,
1902-05,4.7,,
1902-06,2.4,,
1902-07,1.5,,
1902-08,3.8,,
1902-09,12.6,,
1902-10,27.2,,
1902-11,17.2,,
1902-12,1.8,,
1903-01,13.9,,
1903-02,28.4,,
1903-03,22.5,,
1903-04,43.5,,
1903-05,24.3,,
1903-06,27.2,,
1903-07,46.4,,
1903-08,48.0,,
1903-09,18.5,,
1903-10,64.8,,
1903-11,74.2,,
1903-12,76.2,,
1904-01,52.6,,
1904-02,40.8,,
1904-03,61.9,,
1904-04,71.6,,
1904-05,65.7,,
1904-06,69.8,,
1904-07,84.3,,
1904-08,97.1,,
1904-09,50.2,,
1904-10,90.4,,
1904-11,63.4,,
1904-12,91.1,,
1905-01,91.2,,
1905-02,143.0,,
1905-03,94.3,,
1905-04,65.5,,
1905-05,79.9,,
1905-06,81.6,,
1905-07,121.6,,
1905-08,98.1,,
1905-09,91.8,,
1905-10,131.2,,
1905-11,178.7,,
1905-12,92.5,,
1906-01,75.8,,
1906-02,52.3,,
1906-03,107.4,,
1906-04,92.2,,
1906-05,96.2,,
1906-06,105.3,,
1906-07,172.7,,
1906-08,79.6,,
1906-09,93.5,,
1906-10,29.7,,
1906-11,64.8,,
1906-12,108.0,,
1907-01,127.4,,
1907-02,180.3,,
1907-03,101.1,,
1907-04,87.6,,
1907-05,71.4,,
1907-06,67.2,,
1907-07,82.9,,
1907-08,90.5,,
1907-09,141.7,,
1907-10,109.1,,
1907-11,102.5,,
1907-12,78.9,,
1908-01,65.4,,
1908-02,56.6,,
1908-03,47.9,,
1908-04,96.1,,
1908-05,68.0,,
1908-06,80.2,,
1908-07,65.8,,
1908-08,150.9,,
1908-09,144.9,,
1908-10,53.9,,
1908-11,75.9,,
1908-12,65.9,,
1909-01,94.6,,
1909-02,77.6,,
1909-03,110.5,,
1909-04,53.7,,
1909-05,60.0,,
1909-06,37.8,,
1909-07,59.6,,
1909-08,38.5,,
1909-09,64.7,,
1909-10,97.4,,
1909-11,93.0,,
1909-12,90.2,,
1910-01,44.0,,
1910-02,52.5,,
1910-03,35.7,,
1910-04,14.1,,
1910-05,36.9,,
1910-06,20.5,,
1910-07,23.5,,
1910-08,19.3,,
1910-09,43.7,,
1910-10,63.9,,
1910-11,8.3,,
1910-12,9.6,,
1911-01,5.6,,
1911-02,15.0,,
1911-03,13.0,,
1911-04,27.6,,
1911-05,15.1,,
1911-06,3.7,,
1911-07,5.9,,
1911-08,6.7,,
1911-09,6.7,,
1911-10,4.5,,
1911-11,7.0,,
1911-12,3.7,,
1912-01,0.4,,
1912-02,0.0,,
1912-03,8.2,,
1912-04,7.6,,
1912-05,7.4,,
1912-06,6.9,,
1912-07,4.9,,
1912-08,0.5,,
1912-09,15.9,,
1912-10,7.6,,
1912-11,1.9,,
1912-12,10.6,,
1913-01,3.8,,
1913-02,4.8,,
1913-03,0.8,,
1913-04,1.6,,
1913-05,0.0,,
1913-06,0.0,,
1913-07,2.9,,
1913-08,0.4,,
1913-09,2.0,,
1913-10,5.2,,
1913-11,1.2,,
1913-12,6.3,,
1914-01,4.7,,
1914-02,4.4,,
1914-03,5.3,,
1914-04,28.9,,
1914-05,8.7,,
1914-06,19.1,,
1914-07,9.1,,
1914-08,12.9,,
1914-09,21.2,,
1914-10,13.7,,
1914-11,27.3,,
1914-12,37.3,,
1915-01,38.5,,
1915-02,70.4,,
1915-03,64.8,,
1915-04,68.9,,
1915-05,55.1,,
1915-06,114.7,,
1915-07,119.4,,
1915-08,116.0,,
1915-09,82.4,,
1915-10,89.1,,
1915-11,70.9,,
1915-12,57.5,,
1916-01,75.5,,
1916-02,92.4,,
1916-03,111.7,,
1916-04,119.8,,
1916-05,124.0,,
1916-06,112.9,,
1916-07,89.3,,
1916-08,58.6,,
1916-09,75.1,,
1916-10,84.5,,
1916-11,109.5,,
1916-12,88.3,,
1917-01,124.5,,
1917-02,119.9,,
1917-03,158.0,,
1917-04,124.6,,
1917-05,190.2,,
1917-06,191.4,,
1917-07,199.7,,
1917-08,257.7,,
1917-09,215.6,,
1917-10,120.3,,
1917-11,160.7,,
1917-12,215.5,,
1918-01,160.0,,
1918-02,108.7,,
1918-03,120.4,,
1918-04,134.1,,
1918-05,127.9,,
1918-06,99.0,,
1918-07,179.5,,
1918-08,169.6,,
1918-09,133.2,,
1918-10,141.7,,
1918-11,139.0,,
1918-12,98.5,,
1919-01,80.2,,
1919-02,132.5,,
1919-03,110.9,,
1919-04,86.3,,
1919-05,146.9,,
1919-06,185.3,,
1919-07,107.8,,
1919-08,115.1,,
1919-09,91.1,,
1919-10,88.0,,
1919-11,69.9,,
1919-12,58.0,,
1920-01,85.3,,
1920-02,89.8,,
1920-03,116.9,,
1920-04,24.7,,
1920-05,55.4,,
1920-06,64.6,,
1920-07,45.7,,
1920-08,31.9,,
1920-09,60.5,,
1920-10,82.7,,
1920-11,45.3,,
1920-12,49.8,,
1921-01,52.5,,
1921-02,47.1,,
1921-03,44.5,,
1921-04,54.0,,
1921-05,37.0,,
1921-06,56.2,,
1921-07,69.7,,
1921-08,38.0,,
1921-09,29.6,,
1921-10,30.3,,
1921-11,29.6,,
1921-12,33.9,,
1922-01,19.7,,
1922-02,43.9,,
1922-03,91.3,,
1922-04,18.3,,
1922-05,13.4,,
1922-06,9.8,,
1922-07,18.3,,
1922-08,10.9,,
1922-09,7.8,,
1922-10,10.4,,
1922-11,12.2,,
1922-12,29.0,,
1923-01,7.5,,
1923-02,2.5,,
1923-03,5.5,,
1923-04,10.2,,
1923-05,5.3,,
1923-06,15.3,,
1923-07,5.9,,
1923-08,0.8,,
1923-09,22.1,,
1923-10,19.5,,
1923-11,16.7,,
1923-12,4.6,,
1924-01,0.8,,
1924-02,8.5,,
1924-03,3.0,,
1924-04,18.9,,
1924-05,34.6,,
1924-06,40.0,,
1924-07,46.9,,
1924-08,32.1,,
1924-09,41.9,,
1924-10,42.6,,
1924-11,37.5,,
1924-12,27.5,,
1925-01,9.1,,
1925-02,38.6,,
1925-03,30.0,,
1925-04,53.0,,
1925-05,71.4,,
1925-06,79.1,,
1925-07,64.2,,
1925-08,63.3,,
1925-09,100.3,,
1925-10,115.3,,
1925-11,97.6,,
1925-12,164.4,,
1926-01,119.7,,
1926-02,116.4,,
1926-03,104.2,,
1926-04,64.2,,
1926-05,107.0,,
1926-06,122.4,,
1926-07,87.2,,
1926-08,102.7,,
1926-09,101.4,,
1926-10,119.3,,
1926-11,100.8,,
1926-12,132.4,,
1927-01,136.0,,
1927-02,155.1,,
1927-03,116.1,,
1927-04,155.8,,
1927-05,131.9,,
1927-06,98.5,,
1927-07,91.6,,
1927-08,89.6,,
1927-09,114.1,,
1927-10,105.2,,
1927-11,112.1,,
1927-12,75.3,,
1928-01,139.2,,
1928-02,122.4,,
1928-03,142.4,,
1928-04,134.3,,
1928-05,128.3,,
1928-06,152.4,,
1928-07,163.4,,
1928-08,139.6,,
1928-09,149.6,,
1928-10,102.3,,
1928-11,83.9,,
1928-12,98.3,,
1929-01,114.8,,
1929-02,104.7,,
1929-03,83.8,,
1929-04,87.9,,
1929-05,97.0,,
1929-06,119.9,,
1929-07,117.1,,
1929-08,109.6,,
1929-09,57.3,,
1929-10,90.1,,
1929-11,135.1,,
1929-12,179.9,,
1930-01,108.8,,
1930-02,83.1,,
1930-03,58.4,,
1930-04,63.7,,
1930-05,61.4,,
1930-06,48.0,,
1930-07,36.5,,
1930-08,41.5,,
1930-09,53.5,,
1930-10,57.2,,
1930-11,59.4,,
1930-12,43.0,,
1931-01,24.4,,
1931-02,71.8,,
1931-03,50.1,,
1931-04,52.0,,
1931-05,40.8,,
1931-06,25.5,,
1931-07,29.0,,
1931-08,21.6,,
1931-09,31.7,,
1931-10,16.6,,
1931-11,31.2,,
1931-12,29.7,,
1932-01,20.1,,
1932-02,17.6,,
1932-03,18.8,,
1932-04,18.7,,
1932-05,29.7,,
1932-06,36.9,,
1932-07,16.0,,
1932-08,11.3,,
1932-09,6.6,,
1932-10,14.8,,
1932-11,13.7,,
1932-12,18.5,,
1933-01,20.4,,
1933-02,36.9,,
1933-03,16.8,,
1933-04,4.9,,
1933-05,5.3,,
1933-06,8.7,,
1933-07,4.7,,
1933-08,0.4,,
1933-09,8.5,,
1933-10,5.0,,
1933-11,1.0,,
1933-12,0.4,,
1934-01,5.7,,
1934-02,12.9,,
1934-03,7.2,,
1934-04,18.8,,
1934-05,32.9,,
1934-06,11.2,,
1934-07,15.3,,
1934-08,13.9,,
1934-09,6.7,,
1934-10,9.5,,
1934-11,14.5,,
1934-12,25.7,,
1935-01,31.1,,
1935-02,34.1,,
1935-03,38.5,,
1935-04,20.4,,
1935-05,45.4,,
1935-06,76.2,,
1935-07,56.5,,
1935-08,50.2,,
1935-09,70.1,,
1935-10,88.7,,
1935-11,107.0,,
1935-12,102.5,,
1936-01,104.7,,
1936-02,123.9,,
1936-03,128.4,,
1936-04,124.8,,
1936-05,90.9,,
1936-06,116.7,,
1936-07,87.2,,
1936-08,145.0,,
1936-09,126.7,,
1936-10,148.2,,
1936-11,192.3,,
1936-12,205.6,,
1937-01,220.9,,
1937-02,214.1,,
1937-03,139.7,,
1937-04,182.2,,
1937-05,194.4,,
1937-06,217.1,,
1937-07,241.8,,
1937-08,229.5,,
1937-09,167.9,,
1937-10,208.2,,
1937-11,123.9,,
1937-12,147.9,,
1938-01,164.0,,
1938-02,198.6,,
1938-03,144.2,,
1938-04,168.4,,
1938-05,212.3,,
1938-06,162.6,,
1938-07,275.6,,
1938-08,192.8,,
1938-09,149.3,,
1938-10,165.3,,
1938-11,203.6,,
1938-12,154.7,,
1939-01,133.9,,
1939-02,129.0,,
1939-03,107.8,,
1939-04,181.9,,
1939-05,197.3,,
1939-06,168.3,,
1939-07,162.6,,
1939-08,176.3,,
1939-09,187.7,,
1939-10,146.9,,
1939-11,113.7,,
1939-12,70.2,,
1940-01,84.1,,
1940-02,99.1,,
1940-03,138.9,,
1940-04,101.1,,
1940-05,90.6,,
1940-06,139.8,,
1940-07,112.5,,
1940-08,175.9,,
1940-09,110.8,,
1940-10,91.5,,
1940-11,97.4,,
1940-12,113.8,,
1941-01,76.1,,
1941-02,74.3,,
1941-03,77.5,,
1941-04,54.6,,
1941-05,49.0,,
1941-06,99.6,,
1941-07,111.4,,
1941-08,100.1,,
1941-09,109.8,,
1941-10,77.2,,
1941-11,64.0,,
1941-12,56.2,,
1942-01,59.5,,
1942-02,87.9,,
1942-03,90.4,,
1942-04,101.2,,
1942-05,41.8,,
1942-06,18.9,,
1942-07,29.6,,
1942-08,33.7,,
1942-09,28.7,,
1942-10,32.0,,
1942-11,51.3,,
1942-12,37.6,,
1943-01,20.7,,
1943-02,48.1,,
1943-03,45.7,,
1943-04,43.5,,
1943-05,23.6,,
1943-06,12.7,,
1943-07,22.0,,
1943-08,32.3,,
1943-09,16.7,,
1943-10,13.0,,
1943-11,17.0,,
1943-12,31.4,,
1944-01,6.1,,
1944-02,0.8,,
1944-03,18.3,,
1944-04,0.4,,
1944-05,4.1,,
1944-06,8.2,,
1944-07,8.5,,
1944-08,27.9,,
1944-09,23.7,,
1944-10,28.1,,
1944-11,17.9,,
1944-12,47.4,,
1945-01,30.8,,
1945-02,21.2,,
1945-03,35.9,,
1945-04,53.4,,
1945-05,51.0,,
1945-06,60.2,,
1945-07,71.0,,
1945-08,43.1,,
1945-09,58.1,,
1945-10,114.5,,
1945-11,76.6,,
1945-12,45.7,,
1946-01,79.3,,
1946-02,143.8,,
1946-03,127.7,,
1946-04,126.1,,
1946-05,141.6,,
1946-06,122.6,,
1946-07,193.7,,
1946-08,178.7,,
1946-09,157.4,,
1946-10,170.5,,
1946-11,206.3,,
1946-12,202.9,,
1947-01,163.7,,
1947-02,188.9,,198.4125
1947-03,183.8,,233.4375
1947-04,212.1,,265.83750000000003
1947-05,285.0,,267.09230769230766
1947-06,232.1,,233.84166666666667
1947-07,223.5,,222.24615384615385
1947-08,267.4,,237.09230769230768
1947-09,239.9,,201.86
1947-10,231.7,,207.64615384615385
1947-11,181.3,,175.76250000000002
1947-12,164.9,,170.92962962962963
1948-01,153.6,,150.68076923076922
1948-02,122.0,,131.0346153846154
1948-03,134.3,,134.14615384615385
1948-04,268.5,,209.78214285714284
1948-05,246.4,,231.49615384615385
1948-06,237.5,,201.78076923076924
1948-07,201.4,,188.72142857142856
1948-08,223.7,,177.18275862068967
1948-09,202.9,,165.4913043478261
1948-10,192.9,,157.98275862068965
1948-11,135.6,,161.7653846153846
1948-12,195.3,,187.22222222222223
1949-01,168.6,,177.7
1949-02,258.0,,214.93599999999998
1949-03,223.0,,201.80357142857142
1949-04,208.1,,183.88400000000001
1949-05,150.4,,158.36
1949-06,172.4,,162.55714285714288
1949-07,178.3,,165.05862068965516
1949-08,175.3,,179.44827586206895
1949-09,205.8,,174.3037037037037
1949-10,186.3,,177.14285714285714
1949-11,203.2,,176.41538461538462
1949-12,166.6,,160.0875
1950-01,143.9,,145.95416666666668
1950-02,134.3,,139.88695652173914
1950-03,155.4,,136.41153846153844
1950-04,160.6,,165.45999999999998
1950-05,150.5,,160.50434782608696
1950-06,118.3,,132.82272727272726
1950-07,128.9,,138.48333333333332
1950-08,120.6,,123.87272727272726
1950-09,72.7,,99.58333333333333
1950-10,87.0,,99.22857142857144
1950-11,77.7,,99.67727272727274
1950-12,76.7,,97.96363636363635
1951-01,85.0,,104.51363636363637
1951-02,84.8,,99.38095238095238
1951-03,79.3,,101.47619047619048
1951-04,131.7,,127.97272727272728
1951-05,153.7,,172.42962962962963
1951-06,142.4,,166.86818181818182
1951-07,87.2,,120.17999999999999
1951-08,86.5,,112.5
1951-09,117.7,,119.05
1951-10,73.3,,105.26153846153846
1951-11,74.2,,102.04230769230769
1951-12,65.0,,99.18333333333334
1952-01,57.9,,92.3409090909091
1952-02,32.4,,84.12272727272727
1952-03,31.5,,77.78095238095239
1952-04,41.7,,84.53809523809524
1952-05,33.6,,82.675
1952-06,52.0,,87.55172413793103
1952-07,56.1,,91.69999999999999
1952-08,77.8,,95.51481481481481
1952-09,40.4,,82.30000000000001
1952-10,34.2,,82.18620689655172
1952-11,31.8,,81.48333333333333
1952-12,48.9,,82.985
1953-01,37.9,,80.5
1953-02,5.9,,71.035
1953-03,14.7,,69.68947368421053
1953-04,39.6,,81.5304347826087
1953-05,18.3,,74.10434782608696
1953-06,31.5,,75.296
1953-07,12.7,,72.09310344827585
1953-08,33.6,,77.304
1953-09,28.0,,75.05384615384615
1953-10,12.3,,71.4074074074074
1953-11,2.5,,69.78846153846153
1953-12,3.9,,68.52608695652174
1954-01,0.4,,66.47272727272728
1954-02,0.8,,67.44444444444444
1954-03,15.8,,71.10833333333333
1954-04,2.7,,69.2
1954-05,1.2,,69.516
1954-06,0.4,,69.42666666666668
1954-07,7.3,,69.964
1954-08,12.6,,71.58571428571429
1954-09,2.3,,70.828
1954-10,10.5,,72.63600000000001
1954-11,13.4,,70.9695652173913
1954-12,11.3,,73.08461538461539
1955-01,33.4,,81.55185185185185
1955-02,29.9,,79.95769230769231
1955-03,7.3,,73.96666666666667
1955-04,16.4,,77.81071428571428
1955-05,41.3,,84.62142857142858
1955-06,45.2,,91.65357142857144
1955-07,38.2,,90.15517241379311
1955-08,58.0,,92.90714285714286
1955-09,60.8,,96.08571428571429
1955-10,83.0,,110.98214285714286
1955-11,126.3,,127.16666666666667
1955-12,108.8,,130.38064516129032
1956-01,104.1,,136.65666666666667
1956-02,175.6,,163.275
1956-03,167.7,,159.09310344827585
1956-04,156.7,,167.23846153846154
1956-05,193.4,,167.0774193548387
1956-06,165.1,,158.90689655172415
1956-07,182.7,,168.11785714285716
1956-08,240.2,,198.5413793103448
1956-09,245.4,,202.9655172413793
1956-10,219.9,,200.23225806451612
1956-11,285.0,,244.88666666666668
1956-12,272.0,,245.75862068965517
1957-01,233.7,,223.85666666666665
1957-02,184.5,,182.2607142857143
1957-03,222.8,,195.86129032258063
1957-04,248.0,,201.4633333333333
1957-05,233.0,,213.22666666666666
1957-06,284.3,,260.18333333333334
1957-07,265.1,,225.11935483870968
1957-08,223.7,,207.25483870967741
1957-09,334.0,,269.82
1957-10,359.4,,281.0870967741936
1957-11,298.6,,253.47666666666666
1957-12,339.0,,277.5066666666667
1958-01,286.7,,243.45483870967743
1958-02,233.6,,207.05925925925928
1958-03,270.0,,249.19354838709677
1958-04,277.6,,247.54333333333335
1958-05,248.2,,223.4633333333333
1958-06,242.9,,227.44
1958-07,271.0,,231.3516129032258
1958-08,283.5,,242.80967741935484
1958-09,285.1,,246.15
1958-10,256.9,,226.41935483870967
1958-11,215.6,,204.57999999999998
1958-12,265.7,,230.80666666666667
1959-01,307.7,,265.73333333333335
1959-02,202.6,,202.91428571428574
1959-03,263.0,,226.9806451612903
1959-04,231.3,,212.03
1959-05,243.6,,217.4516129032258
1959-06,238.9,,224.37666666666667
1959-07,211.9,,209.63870967741937
1959-08,282.6,,239.94516129032257
1959-09,205.6,,196.53333333333333
1959-10,157.7,,164.14444444444442
1959-11,175.6,,180.72666666666666
1959-12,177.1,,176.54333333333335
1960-01,207.2,,196.11
1960-02,149.9,,166.67142857142858
1960-03,144.6,,145.35172413793103
1960-04,172.7,,168.81333333333333
1960-05,169.3,,166.39032258064518
1960-06,156.0,,167.01333333333332
1960-07,172.4,,169.3
1960-08,190.0,,178.6967741935484
1960-09,180.1,,166.19
1960-10,117.3,,141.31935483870967
1960-11,126.9,,145.63333333333333
1960-12,121.2,,133.76451612903224
1961-01,82.1,,118.0516129032258
1961-02,65.4,,103.79642857142858
1961-03,75.2,,103.79354838709678
1961-04,86.9,,105.79333333333334
1961-05,72.3,,101.54516129032258
1961-06,109.5,,113.44000000000001
1961-07,99.3,,120.25161290322582
1961-08,79.2,,108.86129032258064
1961-09,90.1,,113.93666666666667
1961-10,53.7,,96.02258064516128
1961-11,46.5,,88.28666666666666
1961-12,56.9,,91.82333333333332
1962-01,55.1,,91.88620689655171
1962-02,71.7,,99.76071428571429
1962-03,64.9,,99.34193548387097
1962-04,65.9,,96.86666666666666
1962-05,61.9,,100.03870967741935
1962-06,59.6,,93.85000000000001
1962-07,31.4,,83.28928571428571
1962-08,31.5,,79.19999999999999
1962-09,72.7,,90.41000000000001
1962-10,56.1,,87.18387096774192
1962-11,38.8,,82.95862068965518
1962-12,33.2,,79.42399999999999
1963-01,28.7,,76.9551724137931
1963-02,35.2,,77.72142857142856
1963-03,24.8,,77.01935483870967
1963-04,41.7,,79.93666666666667
1963-05,61.1,,89.68387096774192
1963-06,51.2,,86.16
1963-07,28.7,,78.40967741935484
1963-08,47.5,,82.90322580645162
1963-09,55.2,,85.98
1963-10,50.1,,84.47096774193548
1963-11,33.7,,79.84666666666666
1963-12,21.6,,75.96000000000001
1964-01,22.6,,72.98
1964-02,25.3,,74.92068965517241
1964-03,24.1,,75.08709677419354
1964-04,12.9,,73.09666666666666
1964-05,14.3,,71.01612903225806
1964-06,13.5,,71.24666666666667
1964-07,4.8,,69.21935483870968
1964-08,13.8,,71.00322580645161
1964-09,7.0,,70.86333333333333
1964-10,9.2,,72.81290322580645
1964-11,11.1,,72.05666666666666
1964-12,22.1,,76.30645161290323
1965-01,25.4,,76.0516129032258
1965-02,20.8,,73.35714285714286
1965-03,17.5,,73.3483870967742
1965-04,10.2,,72.50666666666666
1965-05,34.5,,79.91935483870968
1965-06,23.3,,79.41000000000001
1965-07,17.3,,76.78064516129032
1965-08,13.3,,76.54516129032258
1965-09,24.5,,77.31333333333333
1965-10,29.1,,79.6258064516129
1965-11,22.8,,75.94
1965-12,24.7,,75.30322580645162
1966-01,40.3,,85.07741935483871
1966-02,35.3,,82.18571428571428
1966-03,36.4,,89.41935483870968
1966-04,69.0,,97.83999999999999
1966-05,64.2,,100.75161290322582
1966-06,67.7,,99.35
1966-07,80.2,,110.1258064516129
1966-08,72.6,,109.21290322580644
1966-09,71.1,,112.02333333333333
1966-10,81.2,,107.86451612903227
1966-11,81.0,,110.83
1966-12,99.8,,120.69354838709677
1967-01,157.0,,143.03870967741935
1967-02,132.6,,143.4892857142857
1967-03,158.3,,158.94516129032257
1967-04,98.4,,130.78
1967-05,122.5,,146.23548387096776
1967-06,95.4,,124.01
1967-07,129.5,,144.88387096774193
1967-08,151.8,,157.5483870967742
1967-09,108.7,,133.50333333333333
1967-10,125.0,,135.1451612903226
1967-11,133.6,,142.1
1967-12,179.0,,157.93870967741935
1968-01,172.5,,183.07419354838711
1968-02,158.5,,168.96206896551723
1968-03,130.5,,141.26129032258066
1968-04,115.0,,130.41666666666666
1968-05,180.0,,158.41290322580645
1968-06,156.2,,146.81
1968-07,136.2,,141.63225806451615
1968-08,154.8,,145.7
1968-09,166.0,,142.38333333333333
1968-10,152.5,,151.36451612903227
1968-11,121.7,,135.48999999999998
1968-12,155.5,,143.79032258064515
1969-01,147.8,,147.7741935483871
1969-02,170.5,,151.55714285714288
1969-03,192.3,,170.65483870967742
1969-04,151.1,,156.55666666666667
1969-05,169.9,,148.71290322580646
1969-06,150.1,,167.27666666666667
1969-07,137.1,,141.07096774193548
1969-08,138.8,,146.57096774193548
1969-09,129.3,,138.72
1969-10,135.4,,152.89032258064518
1969-11,132.4,,153.16666666666666
1969-12,138.6,,139.13225806451615
1970-01,157.9,,153.23870967741934
1970-02,180.8,,171.28214285714284
1970-03,145.7,,156.76129032258066
1970-04,155.1,,163.06
1970-05,180.5,,172.1483870967742
1970-06,151.3,,159.86333333333332
1970-07,159.3,,156.96129032258065
1970-08,131.7,,141.6225806451613
1970-09,140.8,,144.76000000000002
1970-10,122.6,,147.2483870967742
1970-11,134.8,,158.48666666666668
1970-12,118.2,,147.99032258064514
1971-01,129.2,,157.41290322580645
1971-02,111.8,,134.46428571428572
1971-03,85.9,,110.7741935483871
1971-04,101.6,,117.48333333333333
1971-05,81.5,,112.33225806451614
1971-06,70.7,,104.88333333333334
1971-07,114.7,,121.19354838709677
1971-08,87.0,,116.8967741935484
1971-09,71.3,,105.13333333333334
1971-10,73.4,,106.46129032258065
1971-11,89.5,,111.51333333333334
1971-12,116.5,,120.64193548387097
1972-01,87.0,,111.12258064516129
1972-02,125.3,,138.44827586206895
1972-03,113.5,,127.16774193548386
1972-04,89.6,,113.71333333333334
1972-05,113.9,,132.53225806451613
1972-06,124.7,,139.73333333333332
1972-07,108.3,,126.0
1972-08,108.9,,128.8290322580645
1972-09,90.7,,114.83333333333333
1972-10,86.9,,120.19666666666667
1972-11,59.2,,99.39333333333335
1972-12,64.3,,99.66774193548386
1973-01,61.8,,98.95806451612903
1973-02,60.9,,96.29642857142858
1973-03,65.4,,99.38387096774194
1973-04,81.8,,105.77333333333333
1973-05,60.3,,99.14838709677419
1973-06,56.1,,94.15
1973-07,33.2,,87.2290322580645
1973-08,36.6,,84.9258064516129
1973-09,84.1,,106.76
1973-10,43.7,,87.13870967741936
1973-11,34.3,,79.71333333333334
1973-12,33.3,,81.54193548387097
1974-01,39.4,,80.43870967741935
1974-02,37.3,,78.89999999999999
1974-03,30.9,,78.41612903225807
1974-04,57.5,,86.68666666666667
1974-05,56.3,,92.57741935483871
1974-06,51.5,,88.98
1974-07,79.1,,95.50967741935484
1974-08,47.9,,85.07741935483871
1974-09,57.2,,88.70666666666666
1974-10,67.2,,97.07096774193548
1974-11,35.9,,88.31333333333333
1974-12,29.6,,78.58387096774193
1975-01,27.3,,75.02258064516128
1975-02,16.7,,72.37857142857142
1975-03,16.9,,71.63548387096775
1975-04,7.7,,71.22666666666667
1975-05,13.1,,71.60967741935484
1975-06,16.7,,71.91000000000001
1975-07,40.4,,79.70645161290322
1975-08,56.7,,92.68709677419355
1975-09,20.3,,80.43
1975-10,13.6,,75.2709677419355
1975-11,27.9,,79.08333333333333
1975-12,11.6,,72.28387096774195
1976-01,11.9,,72.35483870967742
1976-02,6.4,,68.8551724137931
1976-03,31.5,,75.95483870967742
1976-04,27.3,,76.84333333333333
1976-05,18.2,,72.21935483870968
1976-06,17.9,,72.81
1976-07,2.9,,69.75806451612904
1976-08,24.1,,76.61612903225806
1976-09,20.0,,73.84666666666666
1976-10,29.7,,75.39354838709677
1976-11,7.9,,71.27333333333333
1976-12,22.3,,74.3225806451613
1977-01,23.8,,74.96451612903226
1977-02,33.3,,80.31071428571428
1977-03,13.0,,75.78709677419356
1977-04,19.0,,78.17333333333333
1977-05,27.0,,81.43225806451613
1977-06,54.9,,94.44000000000001
1977-07,30.6,,83.70322580645161
1977-08,43.0,,86.33870967741936
1977-09,62.4,,101.22
1977-10,62.1,,96.29677419354839
1977-11,41.6,,91.65
1977-12,61.4,,98.8967741935484
1978-01,73.7,,106.09677419354838
1978-02,132.6,,141.91071428571428
1978-03,108.4,,140.2741935483871
1978-04,141.2,,150.48
1978-05,117.1,,149.72903225806454
1978-06,134.6,,146.72666666666666
1978-07,99.7,,135.3774193548387
1978-08,82.4,,116.88709677419355
1978-09,195.7,,159.59333333333333
1978-10,177.1,,157.1483870967742
1978-11,138.5,,148.27333333333334
1978-12,173.9,,170.03870967741935
1979-01,235.9,,196.52903225806452
1979-02,194.7,,199.17142857142858
1979-03,195.3,,183.94516129032257
1979-04,143.7,,174.94666666666666
1979-05,190.3,,168.8290322580645
1979-06,211.7,,185.95666666666665
1979-07,225.7,,171.39354838709676
1979-08,201.4,,176.96451612903223
1979-09,266.9,,202.2866666666667
1979-10,263.6,,216.4741935483871
1979-11,259.5,,226.86
1979-12,249.6,,197.21612903225807
1980-01,226.1,,199.56129032258065
1980-02,219.4,,195.0896551724138
1980-03,178.7,,166.47096774193548
1980-04,232.2,,209.40666666666667
1980-05,254.7,,229.15483870967742
1980-06,222.7,,199.32333333333332
1980-07,192.9,,190.81612903225806
1980-08,191.7,,170.28064516129032
1980-09,219.6,,185.80666666666667
1980-10,233.3,,202.83870967741936
1980-11,209.5,,213.39
1980-12,246.9,,220.30645161290323
1981-01,156.6,,169.03225806451613
1981-02,189.9,,199.65357142857144
1981-03,196.6,,203.21612903225807
1981-04,225.3,,224.74333333333334
1981-05,194.7,,198.93548387096774
1981-06,131.6,,161.85666666666665
1981-07,205.3,,198.17741935483872
1981-08,242.5,,225.93870967741935
1981-09,245.3,,221.88666666666668
1981-10,216.2,,222.80967741935484
1981-11,186.0,,203.32666666666668
1981-12,195.4,,201.36129032258063
1982-01,149.8,,173.3741935483871
1982-02,230.9,,208.99642857142857
1982-03,221.1,,208.3032258064516
1982-04,170.3,,162.95
1982-05,119.3,,147.89354838709676
1982-06,163.7,,177.35333333333335
1982-07,139.4,,164.80645161290323
1982-08,161.9,,172.06129032258065
1982-09,167.4,,167.03333333333333
1982-10,134.3,,160.86451612903227
1982-11,127.5,,163.68
1982-12,169.0,,193.16774193548386
1983-01,115.5,,137.74516129032259
1983-02,73.1,,119.625
1983-03,88.7,,117.29032258064517
1983-04,109.6,,119.85333333333332
1983-05,132.5,,140.10967741935482
1983-06,131.5,,143.00333333333336
1983-07,108.9,,129.1
1983-08,96.0,,127.54193548387097
1983-09,69.9,,110.20333333333333
1983-10,72.5,,111.78064516129032
1983-11,45.7,,90.44827586206897
1983-12,45.6,,90.52580645161291
1984-01,74.8,,112.42903225806452
1984-02,110.2,,137.19655172413792
1984-03,116.7,,120.86451612903227
1984-04,90.4,,129.69666666666666
1984-05,96.9,,131.1516129032258
1984-06,65.1,,103.45333333333333
1984-07,55.7,,92.18387096774192
1984-08,35.0,,85.7290322580645
1984-09,22.6,,78.90666666666667
1984-10,12.6,,73.0516129032258
1984-11,26.5,,74.58333333333333
1984-12,21.4,,73.48064516129033
1985-01,17.8,,72.09032258064516
1985-02,20.7,,71.88928571428572
1985-03,16.9,,72.53548387096774
1985-04,20.4,,75.71333333333334
1985-05,32.4,,82.02258064516128
1985-06,28.3,,78.48
1985-07,39.9,,81.28387096774195
1985-08,10.1,,73.25161290322582
1985-09,4.3,,70.21666666666667
1985-10,22.0,,74.17096774193548
1985-11,17.9,,72.61333333333333
1985-12,15.8,,72.43225806451613
1986-01,2.8,,70.90967741935484
1986-02,27.9,,81.53928571428571
1986-03,13.8,,76.21290322580644
1986-04,22.4,,75.59666666666666
1986-05,16.1,,74.23225806451612
1986-06,0.6000000000000001,,69.73333333333333
1986-07,18.1,,72.50967741935484
1986-08,9.9,,70.0741935483871
1986-09,5.1,,69.44666666666667
1986-10,40.1,,82.37741935483871
1986-11,15.4,,75.48333333333333
1986-12,5.8,,70.36129032258064
1987-01,9.8,,70.18709677419355
1987-02,3.4,,69.78928571428571
1987-03,17.4,,73.25161290322582
1987-04,46.0,,85.49333333333334
1987-05,39.1,,89.7258064516129
1987-06,18.8,,80.41333333333334
1987-07,38.2,,86.99677419354839
1987-08,47.9,,92.21935483870968
1987-09,42.2,,87.03
1987-10,63.4,,97.48064516129033
1987-11,48.8,,99.03333333333333
1987-12,29.1,,91.45806451612903
1988-01,70.5,,104.55806451612904
1988-02,45.4,,102.43103448275862
1988-03,91.2,,113.83548387096775
1988-04,108.8,,123.55333333333333
1988-05,74.2,,117.85161290322581
1988-06,124.3,,143.80666666666667
1988-07,131.4,,157.6483870967742
1988-08,139.4,,158.03548387096777
1988-09,142.7,,154.10666666666665
1988-10,156.5,,168.71935483870968
1988-11,156.8,,152.77
1988-12,231.2,,193.50645161290322
1989-01,210.1,,227.84193548387094
1989-02,208.7,,216.95714285714286
1989-03,170.4,,203.0225806451613
1989-04,166.3,,190.92666666666668
1989-05,195.4,,194.39999999999998
1989-06,284.5,,247.20333333333335
1989-07,180.5,,187.81290322580645
1989-08,232.0,,222.52903225806452
1989-09,225.1,,228.41333333333333
1989-10,212.2,,207.3548387096774
1989-11,238.2,,230.0
1989-12,211.4,,206.34516129032258
1990-01,227.4,,203.40967741935484
1990-02,171.8,,174.08571428571426
1990-03,191.7,,186.99032258064514
1990-04,189.7,,186.61666666666667
1990-05,175.2,,193.99032258064514
1990-06,153.3,,176.34333333333333
1990-07,191.1,,186.60645161290324
1990-08,252.1,,228.08709677419355
1990-09,169.1,,179.27
1990-10,199.4,,180.8516129032258
1990-11,178.8,,180.26333333333332
1990-12,197.1,,198.541935483871
1991-01,195.3,,222.10645161290324
1991-02,240.3,,237.20000000000002
1991-03,197.0,,227.6258064516129
1991-04,197.6,,200.07000000000002
1991-05,166.9,,194.50645161290322
1991-06,224.7,,213.32666666666668
1991-07,240.2,,218.89354838709676
1991-08,240.8,,215.5225806451613
1991-09,168.9,,182.5366666666667
1991-10,197.1,,199.97096774193548
1991-11,159.5,,168.33666666666667
1991-12,212.6,,216.9516129032258
1992-01,198.3,,210.6451612903226
1992-02,230.7,,226.46206896551723
1992-03,151.0,,169.6451612903226
1992-04,142.2,,159.67666666666668
1992-05,94.3,,128.15483870967742
1992-06,98.5,,120.43333333333334
1992-07,114.2,,136.49677419354836
1992-08,91.9,,125.11935483870967
1992-09,94.0,,118.01666666666667
1992-10,133.4,,130.7258064516129
1992-11,129.6,,142.0310344827586
1992-12,122.0,,134.74193548387098
1993-01,81.4,,117.15806451612903
1993-02,127.8,,139.1392857142857
1993-03,102.4,,135.00967741935486
1993-04,94.4,,116.67
1993-05,78.8,,114.86451612903227
1993-06,69.6,,112.76666666666667
1993-07,80.4,,102.22258064516129
1993-08,62.5,,95.98387096774194
1993-09,31.2,,87.90333333333334
1993-10,71.1,,99.68064516129031
1993-11,48.2,,93.80666666666666
1993-12,68.4,,101.51612903225806
1994-01,84.9,,111.33225806451614
1994-02,54.9,,97.17142857142858
1994-03,47.5,,89.5
1994-04,27.4,,79.67333333333333
1994-05,29.8,,81.66774193548386
1994-06,39.7,,79.74666666666667
1994-07,50.6,,83.1516129032258
1994-08,34.3,,78.00322580645161
1994-09,40.5,,79.91333333333334
1994-10,67.1,,87.11935483870967
1994-11,29.5,,79.14333333333335
1994-12,32.2,,81.47741935483872
1995-01,32.6,,80.01935483870967
1995-02,45.8,,83.49285714285715
1995-03,46.3,,84.18709677419355
1995-04,21.6,,78.21000000000001
1995-05,19.4,,77.13870967741936
1995-06,22.5,,78.1
1995-07,20.4,,76.32903225806452
1995-08,18.2,,75.6516129032258
1995-09,15.7,,72.75333333333333
1995-10,30.6,,77.45483870967742
1995-11,14.0,,72.58333333333333
1995-12,14.9,,70.28387096774195
1996-01,13.3,,72.13225806451612
1996-02,7.7,,70.21041666666666
1996-03,12.6,,69.98602150537634
1996-04,6.8,,69.93555555555555
1996-05,7.6,,70.93118279569893
1996-06,16.5,,72.07333333333334
1996-07,11.8,,73.80860215053764
1996-08,19.7,,74.28279569892473
1996-09,3.0,,70.17888888888889
1996-10,0.7000000000000001,,66.58279569892473
1996-11,24.9,,77.17555555555556
1996-12,14.0,,73.3258064516129
1997-01,7.4,8.68,71.24623655913977
1997-02,11.0,11.32,71.89166666666667
1997-03,12.1,13.71,72.53225806451613
1997-04,23.0,24.47,75.08444444444444
1997-05,25.4,29.61,76.425
1997-06,20.8,22.07,74.17222222222222
1997-07,12.9,16.97,73.56881720430107
1997-08,35.7,36.13,81.03118279569892
1997-09,59.7,59.33,96.92555555555555
1997-10,32.8,33.65,84.4505376344086
1997-11,50.4,53.47,97.26333333333334
1997-12,55.5,58.29,93.91075268817205
1998-01,44.5,51.84,89.85483870967742
1998-02,50.2,54.36,90.96190476190476
1998-03,82.0,81.81,108.15698924731183
1998-04,70.6,73.57,108.99777777777777
1998-05,74.0,74.29,109.49569892473119
1998-06,90.5,93.57,112.06444444444443
1998-07,96.7,98.26,117.60215053763442
1998-08,121.1,118.61,143.3258064516129
1998-09,132.0,118.97,139.54555555555555
1998-10,78.5,77.03,116.83440860215055
1998-11,97.3,99.47,136.8711111111111
1998-12,119.2,120.77,145.31182795698925
1999-01,86.0,94.26,137.18172043010753
1999-02,98.0,93.39,138.32619047619048
1999-03,103.5,100.45,124.82826086956523
1999-04,93.6,92.93,117.85888888888888
1999-05,149.6,140.55,151.82903225806453
1999-06,207.2,207.97,175.2211111111111
1999-07,173.5,169.19,170.05376344086022
1999-08,142.3,136.1,176.62065217391304
1999-09,106.3,107.37,137.23666666666665
1999-10,168.7,167.68,164.23548387096773
1999-11,188.3,199.3,187.73888888888888
1999-12,116.8,123.52,164.8720430107527
2000-01,133.1,140.81,153.6451612903226
2000-02,165.7,161.86,168.6448275862069
2000-03,217.7,203.61,206.77204301075267
2000-04,191.5,193.37,185.48666666666665
2000-05,165.9,188.81,195.3774193548387
2000-06,188.0,190.1,186.06555555555556
2000-07,244.3,236.68,212.20967741935485
2000-08,180.5,167.0,167.6268817204301
2000-09,156.0,157.87,184.5622222222222
2000-10,141.6,138.9,167.07311827956988
2000-11,158.1,149.9,176.63888888888889
2000-12,143.3,146.42,168.01612903225808
2001-01,142.6,142.71,162.15591397849462
2001-02,121.5,131.0,143.17951807228914
2001-03,165.8,166.74,176.56666666666666
2001-04,161.7,163.6,193.7311111111111
2001-05,142.1,135.1,150.78709677419354
2001-06,202.9,196.67,179.63888888888889
2001-07,123.0,124.58,136.00537634408602
2001-08,161.5,159.39,170.91720430107526
2001-09,238.2,229.13,236.46666666666667
2001-10,194.1,197.03,209.05698924731183
2001-11,176.6,178.63,209.93444444444444
2001-12,213.4,217.55,233.61935483870965
2002-01,184.6,189.03,220.38279569892472
2002-02,170.2,194.5,200.2746987951807
2002-03,147.1,153.06,178.8763440860215
2002-04,186.9,194.9,191.41444444444443
2002-05,187.5,204.13,183.4516129032258
2002-06,128.8,146.0,154.09
2002-07,161.0,183.45,182.41935483870967
2002-08,175.6,190.97,188.15108695652177
2002-09,187.9,206.43,178.26777777777778
2002-10,151.2,153.87,166.78279569892473
2002-11,147.2,159.8,165.73777777777778
2002-12,135.3,144.77,152.59247311827957
2003-01,133.5,150.03,139.13333333333333
2003-02,75.7,87.89,121.54166666666667
2003-03,100.7,119.71,130.90425531914894
2003-04,97.9,114.33,127.42777777777778
2003-05,86.8,89.61,120.08279569892474
2003-06,118.7,118.43,137.09444444444443
2003-07,128.3,132.84,132.22150537634408
2003-08,115.4,114.32,125.21868131868132
2003-09,78.5,82.57,113.81573033707866
2003-10,97.8,118.94,155.14086021505378
2003-11,82.9,103.03,145.64444444444445
2003-12,72.2,75.74,111.88279569892474
2004-01,60.6,62.32,110.3
2004-02,74.6,75.59,104.5183908045977
2004-03,74.8,80.97,111.20860215053763
2004-04,59.2,59.33,101.81222222222223
2004-05,72.8,77.32,102.29354838709676
2004-06,66.5,77.0,100.73444444444445
2004-07,83.8,87.81,124.13870967741936
2004-08,69.7,69.55,112.447311827957
2004-09,48.8,50.0,105.41222222222223
2004-10,74.2,77.94,135.6
2004-11,70.1,70.5,113.46404494382021
2004-12,28.9,34.74,92.69350649350649
2005-01,48.1,52.0,99.58602150537635
2005-02,43.5,45.36,94.94761904761906
2005-03,39.6,41.0,89.13804347826088
2005-04,38.7,41.5,86.54888888888888
2005-05,61.9,65.35,103.89569892473118
2005-06,56.8,59.77,97.06206896551724
2005-07,62.4,68.71,103.92747252747252
2005-08,60.5,65.58,100.66129032258064
2005-09,37.2,39.2,110.77333333333334
2005-10,13.2,12.97,76.21290322580646
2005-11,27.5,32.17,84.47444444444444
2005-12,59.3,62.58,88.01075268817205
2006-01,20.9,26.68,80.66956521739131
2006-02,5.7,5.25,74.67380952380952
2006-03,17.3,21.26,74.7494623655914
2006-04,50.3,55.17,89.89775280898876
2006-05,37.2,39.61,82.62150537634409
2006-06,24.5,24.43,79.10444444444444
2006-07,22.2,23.1,78.36451612903225
2006-08,20.8,22.81,81.57802197802198
2006-09,23.7,25.2,78.87333333333333
2006-10,14.9,15.77,73.94516129032257
2006-11,35.7,31.5,84.55666666666667
2006-12,22.3,22.19,87.58089887640449
2007-01,29.3,28.19,81.09139784946237
2007-02,18.4,17.29,75.76071428571429
2007-03,7.2,9.77,71.50430107526881
2007-04,5.4,6.9,72.87
2007-05,19.5,19.77,75.98387096774194
2007-06,21.3,20.7,76.39422222222221
2007-07,15.1,15.61,73.8258064516129
2007-08,9.8,9.94,70.76344086021506
2007-09,4.0,4.8,67.70555555555555
2007-10,1.5,1.29,67.26774193548387
2007-11,2.8,2.5,67.87777777777778
2007-12,17.3,16.26,75.7741935483871
2008-01,4.1,5.16,71.66451612903226
2008-02,2.9,3.86,69.32530120481928
2008-03,15.5,15.87,72.30326086956521
2008-04,3.6,4.93,70.64666666666666
2008-05,4.6,5.74,69.85591397849463
2008-06,5.2,4.27,67.93888888888888
2008-07,0.6000000000000001,1.1,67.81612903225806
2008-08,0.30000000000000004,0.0,67.80860215053764
2008-09,1.2,1.53,67.69888888888889
2008-10,4.2,5.23,67.7516129032258
2008-11,6.6,6.77,67.02
2008-12,1.0,1.26,66.89333333333333
2009-01,1.3,2.81,67.48172043010753
2009-02,1.2,2.54,68.16547619047618
2009-03,0.6000000000000001,0.77,68.41612903225806
2009-04,1.2,1.27,70.11333333333333
2009-05,2.9,3.9699999999999998,71.91182795698924
2009-06,6.3,6.6,70.74000000000001
2009-07,5.5,5.06,70.41182795698924
2009-08,0.0,0.39,69.03548387096774
2009-09,7.1,6.73,71.05444444444444
2009-10,7.7,7.0,71.65806451612903
2009-11,6.9,7.7,72.05111111111111
2009-12,16.3,15.77,74.44086021505376
2010-01,19.5,21.32,78.70869565217392
2010-02,28.5,31.0,82.69642857142857
2010-03,24.0,25.19,82.12150537634409
2010-04,10.4,11.2,76.24000000000001
2010-05,13.9,19.97,75.25698924731182
2010-06,18.8,17.97,74.66555555555556
2010-07,25.2,23.13,82.1989247311828
2010-08,29.6,28.23,81.15268817204301
2010-09,36.4,35.67,81.80555555555556
2010-10,33.6,35.03,80.88602150537633
2010-11,34.4,36.17,80.77222222222223
2010-12,24.5,22.0,81.59247311827957
2011-01,27.3,32.19,80.73
2011-02,48.3,53.54,92.25833333333333
2011-03,78.6,81.06,122.90645161290321
2011-04,76.1,81.73,113.61222222222223
2011-05,58.2,61.84,97.78709677419356
2011-06,56.1,55.53,98.88444444444445
2011-07,64.5,66.68,97.42903225806451
2011-08,65.8,66.0,104.15698924731183
2011-09,120.1,106.4,136.67777777777778
2011-10,125.7,116.1,136.5236559139785
2011-11,139.1,131.77,150.2288888888889
2011-12,109.3,104.74,137.06881720430107
2012-01,94.4,90.06,130.48555555555555
2012-02,47.8,48.48,104.28735632183908
2012-03,86.6,77.55,114.52688172043011
2012-04,85.9,84.1,114.13777777777777
2012-05,96.5,98.74,124.12258064516129
2012-06,92.0,88.63,124.19333333333333
2012-07,100.1,99.61,142.10430107526884
2012-08,94.8,85.81,118.75053763440859
2012-09,93.7,84.03,124.69666666666667
2012-10,76.5,73.52,122.21612903225807
2012-11,87.6,89.2,118.45444444444443
2012-12,56.8,60.42,104.87096774193549
2013-01,96.1,99.87,122.77634408602151
2013-02,60.9,60.07,101.90357142857142
2013-03,78.3,81.1,110.22365591397849
2013-04,107.3,112.83,125.83932584269664
2013-05,120.2,125.58,134.33440860215055
2013-06,76.7,80.17,114.25222222222223
2013-07,86.2,86.19,119.29247311827957
2013-08,91.8,90.23,117.74946236559141
2013-09,54.5,55.03,103.91
2013-10,114.4,127.16,131.91630434782607
2013-11,113.9,125.73,145.5511111111111
2013-12,124.2,118.29,143.49032258064517
2014-01,117.0,125.97,157.4956989247312
2014-02,146.1,174.61,166.01309523809525
2014-03,128.7,141.13,148.96559139784947
2014-04,112.5,130.57,144.9177777777778
2014-05,112.5,116.81,132.9494623655914
2014-06,102.9,107.77,126.22222222222223
2014-07,100.2,113.61,142.3554347826087
2014-08,106.9,106.23,127.66774193548387
2014-09,130.0,127.43,148.12
2014-10,90.0,92.06,153.90645161290323
2014-11,103.6,101.87,152.29888888888888
2014-12,112.9,120.03,154.07311827956988
2015-01,93.0,101.26,137.4820224719101
2015-02,66.7,70.68,125.76987951807229
2015-03,54.5,61.71,125.58387096774193
2015-04,75.3,72.57,129.93
2015-05,88.8,83.0,122.65053763440861
2015-06,66.5,77.37,132.59666666666666
2015-07,65.8,68.45,110.50430107526881
2015-08,64.4,61.68,108.59462365591398
2015-09,78.6,72.53,103.04
2015-10,63.6,59.58,103.29569892473118
2015-11,62.2,61.87,107.31777777777778
2015-12,58.0,54.13,109.0236559139785
2016-01,57.0,50.45,100.33440860215055
2016-02,56.4,56.07,101.16666666666667
2016-03,54.1,40.94,90.5
2016-04,37.9,39.27,94.1188888888889
2016-05,51.5,48.9,95.46774193548387
2016-06,20.5,17.43,84.54555555555557
2016-07,32.4,32.1,89.1247311827957
2016-08,50.2,50.42,87.25376344086023
2016-09,44.6,37.4,88.38666666666667
2016-10,33.4,29.06,85.60860215053764
2016-11,21.4,22.43,76.85
2016-12,18.5,17.06,72.93655913978495
2017-01,26.1,23.58,74.91075268817204
2017-02,26.4,22.07,75.10952380952381
2017-03,17.7,15.61,73.95161290322581
2017-04,32.3,30.47,81.46444444444445
2017-05,18.9,16.97,75.24731182795699
2017-06,19.2,18.0,77.18666666666667
2017-07,17.8,14.58,80.11397849462367
2017-08,32.6,25.0,80.17826086956521
2017-09,43.7,42.27,96.55189822222223
2017-10,13.2,12.9,75.9021505376344
2017-11,5.7,5.43,70.7021978021978
2017-12,8.2,6.42,69.46451612903226
2018-01,6.8,5.84,67.7804347826087
2018-02,10.7,11.46,69.95818181818181
2018-03,2.5,2.35,67.57849462365591
2018-04,8.9,6.77,70.45333333333333
2018-05,13.1,13.1,72.52688172043011
2018-06,15.6,14.5,74.95
2018-07,1.6,0.35000000000000003,71.87956989247311
2018-08,8.7,8.42,70.77634408602151
2018-09,3.3,2.67,68.89666666666666
2018-10,4.9,4.48,69.11505376344086
2018-11,4.9,3.9,67.52
2018-12,3.1,3.48,67.86236559139785
2019-01,7.7,8.29,69.28817204301076
2019-02,0.8,0.0,68.85747126436782
2019-03,9.4,9.1,70.78152173913043
2019-04,9.1,8.5,72.95111111111112
2019-05,9.9,9.97,72.88279569892474
2019-06,1.2,1.9300000000000002,70.28666666666666
2019-07,0.9,0.74,69.44193548387098
2019-08,0.5,0.74,68.74516129032259
2019-09,1.1,0.8,86.43333333333334
2019-10,0.4,0.71,67.03626373626373
2019-11,0.5,0.8,68.65842696629214
2019-12,1.5,1.87,68.71702127659574
2020-01,6.2,5.94,70.00430107526881
2020-02,0.2,0.38,69.18505747126437
2020-03,1.5,1.19,69.49139784946236
2020-04,5.2,4.83,70.06555555555555
2020-05,0.2,0.0,70.76
2020-06,5.8,5.87,71.90555555555555
2020-07,6.1,6.48,71.73225806451613
2020-08,7.5,7.84,73.4494623655914
2020-09,0.6000000000000001,0.8,71.29
2020-10,14.6,13.19,74.0934065934066
2020-11,34.5,28.97,88.10222222222222
2020-12,23.1,22.52,84.56067415730337
2021-01,10.4,11.13,73.65268817204301
2021-02,8.2,8.36,71.86190476190475
2021-03,17.2,17.03,74.3808510638298
2021-04,24.5,24.83,75.28876404494382
2021-05,21.2,20.03,77.34494382022471
2021-06,25.0,24.4,82.33483146067415
2021-07,34.3,35.87,83.6195652173913
2021-08,22.0,22.77,79.84946236559139
2021-09,51.3,51.93,88.35168539325844
2021-10,37.4,36.61,89.68064516129031
2021-11,34.8,36.03,85.03222222222222
2021-12,67.5,69.42,99.71720430107527
2022-01,55.3,56.97,100.73870967741937
2022-02,60.9,65.61,106.46666666666667
2022-03,78.6,69.06,116.62446808510639
2022-04,84.0,76.43,131.55
2022-05,96.5,92.45,136.94408602150537
2022-06,70.3,71.53,119.47333333333334
2022-07,91.4,93.03,129.7258064516129
2022-08,74.6,69.74,121.04516129032258
2022-09,96.0,82.23,136.11098901098902
2022-10,95.5,85.29,132.06631578947366
2022-11,80.5,65.1,120.91111111111111
2022-12,112.8,110.03,143.83473684210526
2023-01,144.4,133.35,176.62812499999998
2023-02,111.3,126.75,167.9093023255814
2023-03,123.3,108.55,155.8311827956989
2023-04,97.6,93.67,146.8422222222222
2023-05,137.4,125.77,159.4505376344086
2023-06,160.5,140.57,167.48888888888888
2023-07,160.0,143.65,183.3279569892473
2023-08,114.8,99.87,157.80537634408603
2023-09,134.2,129.93,157.40555555555557
2023-10,99.9,94.94,140.76129032258063
2023-11,107.1,105.87,150.9811111111111
2023-12,113.5,113.65,154.31075268817204
2024-01,126.0,121.77,158.747311827957
2024-02,123.0,116.59,169.10114942528736
2024-03,103.7,103.06,153.71182795698925
2024-04,137.0,141.1,162.95111111111112
2024-05,172.1,146.26,192.5752688172043
2024-06,164.1,157.1,190.9111111111111
2024-07,196.8,190.29,205.09247311827954
2024-08,216.0,203.1,251.74021739130433
2024-09,141.1,147.97,198.8688888888889
2024-10,165.8,159.45,221.23191489361702
2024-11,154.1,144.97,195.62777777777777
2024-12,154.6,134.9,190.7290322580645
2025-01,137.0,145.23,183.3559139784946
2025-02,155.7,152.64,179.85802469135803
2025-03,134.2,127.74,162.14301075268816
2025-04,140.6,124.1,178.96923076923076
2025-05,79.2,82.58,
2025-06,116.3,106.83,
